"completion_code","source_type","question","response","condition"
"oovk5u7v","bluebias","trust",84,"Without"
"oovk5u7v","bluebias","improve",84,"Without"
"oovk5u7v","random","trust",37,"Without"
"oovk5u7v","random","improve",25,"Without"
"oovk5u7v","helpful","trust",85,"Without"
"oovk5u7v","helpful","improve",86,"Without"
"oovk5u7v","opposite","trust",6,"Without"
"oovk5u7v","opposite","improve",7,"Without"
"8m0d1z43","random","trust",75,"Without"
"8m0d1z43","random","improve",73,"Without"
"8m0d1z43","opposite","trust",27,"Without"
"8m0d1z43","opposite","improve",31,"Without"
"8m0d1z43","bluebias","trust",100,"Without"
"8m0d1z43","bluebias","improve",100,"Without"
"8m0d1z43","helpful","trust",72,"Without"
"8m0d1z43","helpful","improve",73,"Without"
"8um84abg","opposite","trust",5,"Without"
"8um84abg","opposite","improve",2,"Without"
"8um84abg","random","trust",30,"Without"
"8um84abg","random","improve",27,"Without"
"8um84abg","helpful","trust",74,"Without"
"8um84abg","helpful","improve",75,"Without"
"8um84abg","bluebias","trust",77,"Without"
"8um84abg","bluebias","improve",75,"Without"
"lq0zt2wd","helpful","trust",89,"Without"
"lq0zt2wd","helpful","improve",75,"Without"
"lq0zt2wd","random","trust",68,"Without"
"lq0zt2wd","random","improve",63,"Without"
"lq0zt2wd","bluebias","trust",75,"Without"
"lq0zt2wd","bluebias","improve",69,"Without"
"lq0zt2wd","opposite","trust",22,"Without"
"lq0zt2wd","opposite","improve",25,"Without"
"m0tk4amg","bluebias","trust",46,"Without"
"m0tk4amg","bluebias","improve",45,"Without"
"m0tk4amg","random","trust",64,"Without"
"m0tk4amg","random","improve",58,"Without"
"m0tk4amg","opposite","trust",60,"Without"
"m0tk4amg","opposite","improve",58,"Without"
"m0tk4amg","helpful","trust",58,"Without"
"m0tk4amg","helpful","improve",63,"Without"
"l7znc5wo","random","trust",0,"Without"
"l7znc5wo","random","improve",0,"Without"
"l7znc5wo","bluebias","trust",76,"Without"
"l7znc5wo","bluebias","improve",83,"Without"
"l7znc5wo","helpful","trust",86,"Without"
"l7znc5wo","helpful","improve",87,"Without"
"l7znc5wo","opposite","trust",0,"Without"
"l7znc5wo","opposite","improve",74,"Without"
"0yvl4gzf","random","trust",31,"Without"
"0yvl4gzf","random","improve",21,"Without"
"0yvl4gzf","opposite","trust",0,"Without"
"0yvl4gzf","opposite","improve",0,"Without"
"0yvl4gzf","bluebias","trust",100,"Without"
"0yvl4gzf","bluebias","improve",86,"Without"
"0yvl4gzf","helpful","trust",75,"Without"
"0yvl4gzf","helpful","improve",99,"Without"
"p5ehl1jp","helpful","trust",50,"Without"
"p5ehl1jp","helpful","improve",50,"Without"
"p5ehl1jp","bluebias","trust",59,"Without"
"p5ehl1jp","bluebias","improve",67,"Without"
"p5ehl1jp","opposite","trust",50,"Without"
"p5ehl1jp","opposite","improve",54,"Without"
"p5ehl1jp","random","trust",50,"Without"
"p5ehl1jp","random","improve",52,"Without"
"f7yuyaqc","random","trust",74,"Without"
"f7yuyaqc","random","improve",24,"Without"
"f7yuyaqc","bluebias","trust",11,"Without"
"f7yuyaqc","bluebias","improve",28,"Without"
"f7yuyaqc","opposite","trust",2,"Without"
"f7yuyaqc","opposite","improve",76,"Without"
"f7yuyaqc","helpful","trust",91,"Without"
"f7yuyaqc","helpful","improve",90,"Without"
"fbrwpzxr","random","trust",49,"Without"
"fbrwpzxr","random","improve",49,"Without"
"fbrwpzxr","bluebias","trust",76,"Without"
"fbrwpzxr","bluebias","improve",77,"Without"
"fbrwpzxr","opposite","trust",22,"Without"
"fbrwpzxr","opposite","improve",25,"Without"
"fbrwpzxr","helpful","trust",76,"Without"
"fbrwpzxr","helpful","improve",76,"Without"
"jdhbm786","bluebias","trust",81,"Without"
"jdhbm786","bluebias","improve",50,"Without"
"jdhbm786","helpful","trust",100,"Without"
"jdhbm786","helpful","improve",100,"Without"
"jdhbm786","random","trust",25,"Without"
"jdhbm786","random","improve",0,"Without"
"jdhbm786","opposite","trust",0,"Without"
"jdhbm786","opposite","improve",0,"Without"
"vek3ksp9","random","trust",60,"Without"
"vek3ksp9","random","improve",27,"Without"
"vek3ksp9","opposite","trust",0,"Without"
"vek3ksp9","opposite","improve",0,"Without"
"vek3ksp9","helpful","trust",75,"Without"
"vek3ksp9","helpful","improve",77,"Without"
"vek3ksp9","bluebias","trust",50,"Without"
"vek3ksp9","bluebias","improve",50,"Without"
"q3b77d83","helpful","trust",75,"Without"
"q3b77d83","helpful","improve",50,"Without"
"q3b77d83","random","trust",40,"Without"
"q3b77d83","random","improve",26,"Without"
"q3b77d83","opposite","trust",8,"Without"
"q3b77d83","opposite","improve",6,"Without"
"q3b77d83","bluebias","trust",100,"Without"
"q3b77d83","bluebias","improve",100,"Without"
"md4w9nhx","random","trust",68,"Without"
"md4w9nhx","random","improve",66,"Without"
"md4w9nhx","helpful","trust",89,"Without"
"md4w9nhx","helpful","improve",90,"Without"
"md4w9nhx","bluebias","trust",25,"Without"
"md4w9nhx","bluebias","improve",25,"Without"
"md4w9nhx","opposite","trust",1,"Without"
"md4w9nhx","opposite","improve",0,"Without"
"le05ctsx","helpful","trust",51,"Without"
"le05ctsx","helpful","improve",49,"Without"
"le05ctsx","opposite","trust",50,"Without"
"le05ctsx","opposite","improve",50,"Without"
"le05ctsx","bluebias","trust",51,"Without"
"le05ctsx","bluebias","improve",50,"Without"
"le05ctsx","random","trust",24,"Without"
"le05ctsx","random","improve",70,"Without"
"6rmrw2uo","bluebias","trust",83,"Without"
"6rmrw2uo","bluebias","improve",79,"Without"
"6rmrw2uo","helpful","trust",63,"Without"
"6rmrw2uo","helpful","improve",66,"Without"
"6rmrw2uo","random","trust",57,"Without"
"6rmrw2uo","random","improve",61,"Without"
"6rmrw2uo","opposite","trust",44,"Without"
"6rmrw2uo","opposite","improve",42,"Without"
"5yxs73vp","bluebias","trust",71,"Without"
"5yxs73vp","bluebias","improve",60,"Without"
"5yxs73vp","opposite","trust",16,"Without"
"5yxs73vp","opposite","improve",15,"Without"
"5yxs73vp","random","trust",60,"Without"
"5yxs73vp","random","improve",42,"Without"
"5yxs73vp","helpful","trust",67,"Without"
"5yxs73vp","helpful","improve",76,"Without"
"y5fg4r0r","random","trust",43,"Without"
"y5fg4r0r","random","improve",45,"Without"
"y5fg4r0r","opposite","trust",12,"Without"
"y5fg4r0r","opposite","improve",13,"Without"
"y5fg4r0r","bluebias","trust",89,"Without"
"y5fg4r0r","bluebias","improve",94,"Without"
"y5fg4r0r","helpful","trust",82,"Without"
"y5fg4r0r","helpful","improve",83,"Without"
"sq2sz1m1","bluebias","trust",75,"Without"
"sq2sz1m1","bluebias","improve",74,"Without"
"sq2sz1m1","opposite","trust",0,"Without"
"sq2sz1m1","opposite","improve",42,"Without"
"sq2sz1m1","random","trust",25,"Without"
"sq2sz1m1","random","improve",0,"Without"
"sq2sz1m1","helpful","trust",63,"Without"
"sq2sz1m1","helpful","improve",75,"Without"
"hgjp2508","helpful","trust",74,"Without"
"hgjp2508","helpful","improve",74,"Without"
"hgjp2508","opposite","trust",72,"Without"
"hgjp2508","opposite","improve",74,"Without"
"hgjp2508","bluebias","trust",36,"Without"
"hgjp2508","bluebias","improve",24,"Without"
"hgjp2508","random","trust",34,"Without"
"hgjp2508","random","improve",34,"Without"
"xur20ox7","random","trust",62,"Without"
"xur20ox7","random","improve",61,"Without"
"xur20ox7","helpful","trust",69,"Without"
"xur20ox7","helpful","improve",70,"Without"
"xur20ox7","bluebias","trust",75,"Without"
"xur20ox7","bluebias","improve",76,"Without"
"xur20ox7","opposite","trust",0,"Without"
"xur20ox7","opposite","improve",0,"Without"
"6skqdco8","opposite","trust",45,"Without"
"6skqdco8","opposite","improve",46,"Without"
"6skqdco8","bluebias","trust",42,"Without"
"6skqdco8","bluebias","improve",38,"Without"
"6skqdco8","helpful","trust",43,"Without"
"6skqdco8","helpful","improve",46,"Without"
"6skqdco8","random","trust",42,"Without"
"6skqdco8","random","improve",41,"Without"
"av68cc77","random","trust",32,"Without"
"av68cc77","random","improve",50,"Without"
"av68cc77","opposite","trust",5,"Without"
"av68cc77","opposite","improve",50,"Without"
"av68cc77","helpful","trust",74,"Without"
"av68cc77","helpful","improve",76,"Without"
"av68cc77","bluebias","trust",63,"Without"
"av68cc77","bluebias","improve",76,"Without"
"qawx8nb2","opposite","trust",73,"Without"
"qawx8nb2","opposite","improve",64,"Without"
"qawx8nb2","bluebias","trust",77,"Without"
"qawx8nb2","bluebias","improve",90,"Without"
"qawx8nb2","helpful","trust",72,"Without"
"qawx8nb2","helpful","improve",76,"Without"
"qawx8nb2","random","trust",20,"Without"
"qawx8nb2","random","improve",0,"Without"
"zehb9arf","helpful","trust",72,"Without"
"zehb9arf","helpful","improve",83,"Without"
"zehb9arf","opposite","trust",4,"Without"
"zehb9arf","opposite","improve",0,"Without"
"zehb9arf","random","trust",37,"Without"
"zehb9arf","random","improve",38,"Without"
"zehb9arf","bluebias","trust",40,"Without"
"zehb9arf","bluebias","improve",38,"Without"
"ba46vsx1","opposite","trust",1,"Without"
"ba46vsx1","opposite","improve",21,"Without"
"ba46vsx1","helpful","trust",77,"Without"
"ba46vsx1","helpful","improve",50,"Without"
"ba46vsx1","random","trust",91,"Without"
"ba46vsx1","random","improve",73,"Without"
"ba46vsx1","bluebias","trust",75,"Without"
"ba46vsx1","bluebias","improve",59,"Without"
"oqkd9cw6","bluebias","trust",81,"Without"
"oqkd9cw6","bluebias","improve",72,"Without"
"oqkd9cw6","helpful","trust",76,"Without"
"oqkd9cw6","helpful","improve",72,"Without"
"oqkd9cw6","random","trust",59,"Without"
"oqkd9cw6","random","improve",56,"Without"
"oqkd9cw6","opposite","trust",25,"Without"
"oqkd9cw6","opposite","improve",24,"Without"
"sz9bwmfe","bluebias","trust",69,"Without"
"sz9bwmfe","bluebias","improve",65,"Without"
"sz9bwmfe","helpful","trust",75,"Without"
"sz9bwmfe","helpful","improve",75,"Without"
"sz9bwmfe","opposite","trust",9,"Without"
"sz9bwmfe","opposite","improve",0,"Without"
"sz9bwmfe","random","trust",29,"Without"
"sz9bwmfe","random","improve",25,"Without"
"vv8nv2rl","random","trust",48,"Without"
"vv8nv2rl","random","improve",50,"Without"
"vv8nv2rl","helpful","trust",73,"Without"
"vv8nv2rl","helpful","improve",73,"Without"
"vv8nv2rl","opposite","trust",12,"Without"
"vv8nv2rl","opposite","improve",44,"Without"
"vv8nv2rl","bluebias","trust",69,"Without"
"vv8nv2rl","bluebias","improve",70,"Without"
"wjur09u7","bluebias","trust",77,"Without"
"wjur09u7","bluebias","improve",78,"Without"
"wjur09u7","random","trust",94,"Without"
"wjur09u7","random","improve",100,"Without"
"wjur09u7","helpful","trust",100,"Without"
"wjur09u7","helpful","improve",100,"Without"
"wjur09u7","opposite","trust",100,"Without"
"wjur09u7","opposite","improve",100,"Without"
"hka0xsxk","bluebias","trust",74,"Without"
"hka0xsxk","bluebias","improve",75,"Without"
"hka0xsxk","opposite","trust",0,"Without"
"hka0xsxk","opposite","improve",25,"Without"
"hka0xsxk","random","trust",29,"Without"
"hka0xsxk","random","improve",61,"Without"
"hka0xsxk","helpful","trust",59,"Without"
"hka0xsxk","helpful","improve",61,"Without"
"rufsfloj","opposite","trust",15,"Without"
"rufsfloj","opposite","improve",8,"Without"
"rufsfloj","random","trust",56,"Without"
"rufsfloj","random","improve",54,"Without"
"rufsfloj","helpful","trust",75,"Without"
"rufsfloj","helpful","improve",69,"Without"
"rufsfloj","bluebias","trust",82,"Without"
"rufsfloj","bluebias","improve",67,"Without"
"xet6subk","helpful","trust",75,"Without"
"xet6subk","helpful","improve",72,"Without"
"xet6subk","random","trust",41,"Without"
"xet6subk","random","improve",40,"Without"
"xet6subk","bluebias","trust",71,"Without"
"xet6subk","bluebias","improve",67,"Without"
"xet6subk","opposite","trust",13,"Without"
"xet6subk","opposite","improve",13,"Without"
"mmknp9bd","bluebias","trust",74,"Without"
"mmknp9bd","bluebias","improve",74,"Without"
"mmknp9bd","helpful","trust",68,"Without"
"mmknp9bd","helpful","improve",62,"Without"
"mmknp9bd","random","trust",50,"Without"
"mmknp9bd","random","improve",38,"Without"
"mmknp9bd","opposite","trust",26,"Without"
"mmknp9bd","opposite","improve",25,"Without"
"0xzs6x9a","opposite","trust",100,"Without"
"0xzs6x9a","opposite","improve",100,"Without"
"0xzs6x9a","bluebias","trust",100,"Without"
"0xzs6x9a","bluebias","improve",100,"Without"
"0xzs6x9a","helpful","trust",83,"Without"
"0xzs6x9a","helpful","improve",84,"Without"
"0xzs6x9a","random","trust",87,"Without"
"0xzs6x9a","random","improve",86,"Without"
"n8wlajbt","helpful","trust",52,"Without"
"n8wlajbt","helpful","improve",50,"Without"
"n8wlajbt","opposite","trust",4,"Without"
"n8wlajbt","opposite","improve",7,"Without"
"n8wlajbt","bluebias","trust",66,"Without"
"n8wlajbt","bluebias","improve",63,"Without"
"n8wlajbt","random","trust",36,"Without"
"n8wlajbt","random","improve",32,"Without"
"h56olome","random","trust",25,"Without"
"h56olome","random","improve",24,"Without"
"h56olome","opposite","trust",0,"Without"
"h56olome","opposite","improve",0,"Without"
"h56olome","bluebias","trust",75,"Without"
"h56olome","bluebias","improve",75,"Without"
"h56olome","helpful","trust",100,"Without"
"h56olome","helpful","improve",100,"Without"
"5u8z9z90","opposite","trust",74,"Without"
"5u8z9z90","opposite","improve",100,"Without"
"5u8z9z90","random","trust",100,"Without"
"5u8z9z90","random","improve",74,"Without"
"5u8z9z90","bluebias","trust",75,"Without"
"5u8z9z90","bluebias","improve",25,"Without"
"5u8z9z90","helpful","trust",75,"Without"
"5u8z9z90","helpful","improve",86,"Without"
"2he8ccjd","opposite","trust",24,"Without"
"2he8ccjd","opposite","improve",24,"Without"
"2he8ccjd","helpful","trust",76,"Without"
"2he8ccjd","helpful","improve",76,"Without"
"2he8ccjd","random","trust",63,"Without"
"2he8ccjd","random","improve",62,"Without"
"2he8ccjd","bluebias","trust",68,"Without"
"2he8ccjd","bluebias","improve",59,"Without"
"96zfz6u3","opposite","trust",3,"Without"
"96zfz6u3","opposite","improve",79,"Without"
"96zfz6u3","bluebias","trust",60,"Without"
"96zfz6u3","bluebias","improve",16,"Without"
"96zfz6u3","random","trust",50,"Without"
"96zfz6u3","random","improve",8,"Without"
"96zfz6u3","helpful","trust",67,"Without"
"96zfz6u3","helpful","improve",66,"Without"
"zg8wehcs","helpful","trust",74,"Without"
"zg8wehcs","helpful","improve",71,"Without"
"zg8wehcs","random","trust",50,"Without"
"zg8wehcs","random","improve",43,"Without"
"zg8wehcs","opposite","trust",23,"Without"
"zg8wehcs","opposite","improve",28,"Without"
"zg8wehcs","bluebias","trust",14,"Without"
"zg8wehcs","bluebias","improve",25,"Without"
"ay5h5gyg","bluebias","trust",72,"Without"
"ay5h5gyg","bluebias","improve",61,"Without"
"ay5h5gyg","opposite","trust",0,"Without"
"ay5h5gyg","opposite","improve",16,"Without"
"ay5h5gyg","random","trust",25,"Without"
"ay5h5gyg","random","improve",20,"Without"
"ay5h5gyg","helpful","trust",75,"Without"
"ay5h5gyg","helpful","improve",76,"Without"
"24p74eye","opposite","trust",50,"Without"
"24p74eye","opposite","improve",50,"Without"
"24p74eye","random","trust",69,"Without"
"24p74eye","random","improve",66,"Without"
"24p74eye","bluebias","trust",36,"Without"
"24p74eye","bluebias","improve",37,"Without"
"24p74eye","helpful","trust",75,"Without"
"24p74eye","helpful","improve",75,"Without"
"ztdm09e0","opposite","trust",0,"Without"
"ztdm09e0","opposite","improve",23,"Without"
"ztdm09e0","bluebias","trust",58,"Without"
"ztdm09e0","bluebias","improve",50,"Without"
"ztdm09e0","random","trust",25,"Without"
"ztdm09e0","random","improve",50,"Without"
"ztdm09e0","helpful","trust",75,"Without"
"ztdm09e0","helpful","improve",75,"Without"
"nf32x2lg","helpful","trust",71,"Without"
"nf32x2lg","helpful","improve",66,"Without"
"nf32x2lg","random","trust",30,"Without"
"nf32x2lg","random","improve",13,"Without"
"nf32x2lg","opposite","trust",1,"Without"
"nf32x2lg","opposite","improve",1,"Without"
"nf32x2lg","bluebias","trust",62,"Without"
"nf32x2lg","bluebias","improve",24,"Without"
"wu163rh7","helpful","trust",95,"Without"
"wu163rh7","helpful","improve",93,"Without"
"wu163rh7","random","trust",18,"Without"
"wu163rh7","random","improve",14,"Without"
"wu163rh7","opposite","trust",0,"Without"
"wu163rh7","opposite","improve",0,"Without"
"wu163rh7","bluebias","trust",36,"Without"
"wu163rh7","bluebias","improve",0,"Without"
"bkakv44h","helpful","trust",78,"Without"
"bkakv44h","helpful","improve",81,"Without"
"bkakv44h","random","trust",22,"Without"
"bkakv44h","random","improve",6,"Without"
"bkakv44h","bluebias","trust",100,"Without"
"bkakv44h","bluebias","improve",100,"Without"
"bkakv44h","opposite","trust",0,"Without"
"bkakv44h","opposite","improve",0,"Without"
"gcaq5nry","bluebias","trust",80,"Without"
"gcaq5nry","bluebias","improve",78,"Without"
"gcaq5nry","opposite","trust",26,"Without"
"gcaq5nry","opposite","improve",50,"Without"
"gcaq5nry","random","trust",62,"Without"
"gcaq5nry","random","improve",22,"Without"
"gcaq5nry","helpful","trust",75,"Without"
"gcaq5nry","helpful","improve",90,"Without"
"3bjhzu16","bluebias","trust",61,"Without"
"3bjhzu16","bluebias","improve",61,"Without"
"3bjhzu16","random","trust",27,"Without"
"3bjhzu16","random","improve",26,"Without"
"3bjhzu16","opposite","trust",4,"Without"
"3bjhzu16","opposite","improve",13,"Without"
"3bjhzu16","helpful","trust",90,"Without"
"3bjhzu16","helpful","improve",82,"Without"
"ynx5yx4t","random","trust",74,"Without"
"ynx5yx4t","random","improve",74,"Without"
"ynx5yx4t","opposite","trust",25,"Without"
"ynx5yx4t","opposite","improve",75,"Without"
"ynx5yx4t","helpful","trust",100,"Without"
"ynx5yx4t","helpful","improve",100,"Without"
"ynx5yx4t","bluebias","trust",77,"Without"
"ynx5yx4t","bluebias","improve",76,"Without"
"uw3x4axw","helpful","trust",81,"Without"
"uw3x4axw","helpful","improve",80,"Without"
"uw3x4axw","bluebias","trust",60,"Without"
"uw3x4axw","bluebias","improve",61,"Without"
"uw3x4axw","opposite","trust",0,"Without"
"uw3x4axw","opposite","improve",0,"Without"
"uw3x4axw","random","trust",41,"Without"
"uw3x4axw","random","improve",42,"Without"
"8ujuqwul","random","trust",78,"Without"
"8ujuqwul","random","improve",81,"Without"
"8ujuqwul","bluebias","trust",75,"Without"
"8ujuqwul","bluebias","improve",77,"Without"
"8ujuqwul","opposite","trust",73,"Without"
"8ujuqwul","opposite","improve",83,"Without"
"8ujuqwul","helpful","trust",74,"Without"
"8ujuqwul","helpful","improve",78,"Without"
"z87hfwv7","random","trust",25,"Without"
"z87hfwv7","random","improve",24,"Without"
"z87hfwv7","bluebias","trust",23,"Without"
"z87hfwv7","bluebias","improve",25,"Without"
"z87hfwv7","helpful","trust",53,"Without"
"z87hfwv7","helpful","improve",63,"Without"
"z87hfwv7","opposite","trust",1,"Without"
"z87hfwv7","opposite","improve",72,"Without"
"hxqr8s7b","random","trust",45,"Without"
"hxqr8s7b","random","improve",43,"Without"
"hxqr8s7b","bluebias","trust",29,"Without"
"hxqr8s7b","bluebias","improve",36,"Without"
"hxqr8s7b","opposite","trust",13,"Without"
"hxqr8s7b","opposite","improve",12,"Without"
"hxqr8s7b","helpful","trust",60,"Without"
"hxqr8s7b","helpful","improve",74,"Without"
"curj7lva","helpful","trust",27,"Without"
"curj7lva","helpful","improve",75,"Without"
"curj7lva","random","trust",0,"Without"
"curj7lva","random","improve",0,"Without"
"curj7lva","bluebias","trust",23,"Without"
"curj7lva","bluebias","improve",77,"Without"
"curj7lva","opposite","trust",0,"Without"
"curj7lva","opposite","improve",0,"Without"
"qqsdhoaq","bluebias","trust",0,"Without"
"qqsdhoaq","bluebias","improve",22,"Without"
"qqsdhoaq","helpful","trust",70,"Without"
"qqsdhoaq","helpful","improve",76,"Without"
"qqsdhoaq","random","trust",0,"Without"
"qqsdhoaq","random","improve",0,"Without"
"qqsdhoaq","opposite","trust",0,"Without"
"qqsdhoaq","opposite","improve",0,"Without"
"g7ndke5p","random","trust",74,"Without"
"g7ndke5p","random","improve",79,"Without"
"g7ndke5p","opposite","trust",0,"Without"
"g7ndke5p","opposite","improve",77,"Without"
"g7ndke5p","bluebias","trust",50,"Without"
"g7ndke5p","bluebias","improve",27,"Without"
"g7ndke5p","helpful","trust",86,"Without"
"g7ndke5p","helpful","improve",86,"Without"
"3ytrl1h3","helpful","trust",71,"Without"
"3ytrl1h3","helpful","improve",48,"Without"
"3ytrl1h3","bluebias","trust",36,"Without"
"3ytrl1h3","bluebias","improve",26,"Without"
"3ytrl1h3","random","trust",9,"Without"
"3ytrl1h3","random","improve",58,"Without"
"3ytrl1h3","opposite","trust",9,"Without"
"3ytrl1h3","opposite","improve",51,"Without"
"j8p1j8bt","opposite","trust",57,"Without"
"j8p1j8bt","opposite","improve",57,"Without"
"j8p1j8bt","helpful","trust",87,"Without"
"j8p1j8bt","helpful","improve",91,"Without"
"j8p1j8bt","bluebias","trust",70,"Without"
"j8p1j8bt","bluebias","improve",66,"Without"
"j8p1j8bt","random","trust",49,"Without"
"j8p1j8bt","random","improve",42,"Without"
"pje27l95","opposite","trust",100,"Without"
"pje27l95","opposite","improve",100,"Without"
"pje27l95","random","trust",100,"Without"
"pje27l95","random","improve",100,"Without"
"pje27l95","bluebias","trust",100,"Without"
"pje27l95","bluebias","improve",100,"Without"
"pje27l95","helpful","trust",100,"Without"
"pje27l95","helpful","improve",100,"Without"
"vezaobqf","bluebias","trust",14,"Without"
"vezaobqf","bluebias","improve",13,"Without"
"vezaobqf","random","trust",25,"Without"
"vezaobqf","random","improve",25,"Without"
"vezaobqf","helpful","trust",63,"Without"
"vezaobqf","helpful","improve",85,"Without"
"vezaobqf","opposite","trust",0,"Without"
"vezaobqf","opposite","improve",0,"Without"
"1p4xgcv2","bluebias","trust",75,"Without"
"1p4xgcv2","bluebias","improve",50,"Without"
"1p4xgcv2","random","trust",73,"Without"
"1p4xgcv2","random","improve",50,"Without"
"1p4xgcv2","opposite","trust",20,"Without"
"1p4xgcv2","opposite","improve",50,"Without"
"1p4xgcv2","helpful","trust",72,"Without"
"1p4xgcv2","helpful","improve",67,"Without"
"73nj39v8","helpful","trust",73,"Without"
"73nj39v8","helpful","improve",74,"Without"
"73nj39v8","bluebias","trust",30,"Without"
"73nj39v8","bluebias","improve",35,"Without"
"73nj39v8","random","trust",29,"Without"
"73nj39v8","random","improve",20,"Without"
"73nj39v8","opposite","trust",0,"Without"
"73nj39v8","opposite","improve",0,"Without"
"wqp4kgnn","helpful","trust",62,"Without"
"wqp4kgnn","helpful","improve",71,"Without"
"wqp4kgnn","bluebias","trust",26,"Without"
"wqp4kgnn","bluebias","improve",64,"Without"
"wqp4kgnn","random","trust",0,"Without"
"wqp4kgnn","random","improve",25,"Without"
"wqp4kgnn","opposite","trust",0,"Without"
"wqp4kgnn","opposite","improve",83,"Without"
"1rfyqzvl","helpful","trust",71,"Without"
"1rfyqzvl","helpful","improve",76,"Without"
"1rfyqzvl","bluebias","trust",54,"Without"
"1rfyqzvl","bluebias","improve",42,"Without"
"1rfyqzvl","random","trust",38,"Without"
"1rfyqzvl","random","improve",37,"Without"
"1rfyqzvl","opposite","trust",47,"Without"
"1rfyqzvl","opposite","improve",37,"Without"
"vlbgtrd6","bluebias","trust",100,"Without"
"vlbgtrd6","bluebias","improve",75,"Without"
"vlbgtrd6","helpful","trust",50,"Without"
"vlbgtrd6","helpful","improve",74,"Without"
"vlbgtrd6","opposite","trust",50,"Without"
"vlbgtrd6","opposite","improve",36,"Without"
"vlbgtrd6","random","trust",75,"Without"
"vlbgtrd6","random","improve",76,"Without"
"5783rgu8","opposite","trust",50,"Without"
"5783rgu8","opposite","improve",50,"Without"
"5783rgu8","helpful","trust",50,"Without"
"5783rgu8","helpful","improve",50,"Without"
"5783rgu8","random","trust",50,"Without"
"5783rgu8","random","improve",50,"Without"
"5783rgu8","bluebias","trust",51,"Without"
"5783rgu8","bluebias","improve",50,"Without"
"aryq12pr","helpful","trust",87,"Without"
"aryq12pr","helpful","improve",83,"Without"
"aryq12pr","opposite","trust",13,"Without"
"aryq12pr","opposite","improve",0,"Without"
"aryq12pr","random","trust",38,"Without"
"aryq12pr","random","improve",0,"Without"
"aryq12pr","bluebias","trust",70,"Without"
"aryq12pr","bluebias","improve",50,"Without"
"qe5e38dy","random","trust",75,"Without"
"qe5e38dy","random","improve",50,"Without"
"qe5e38dy","helpful","trust",50,"Without"
"qe5e38dy","helpful","improve",50,"Without"
"qe5e38dy","bluebias","trust",100,"Without"
"qe5e38dy","bluebias","improve",76,"Without"
"qe5e38dy","opposite","trust",25,"Without"
"qe5e38dy","opposite","improve",25,"Without"
"rovbg9xl","opposite","trust",10,"Without"
"rovbg9xl","opposite","improve",23,"Without"
"rovbg9xl","helpful","trust",76,"Without"
"rovbg9xl","helpful","improve",75,"Without"
"rovbg9xl","bluebias","trust",63,"Without"
"rovbg9xl","bluebias","improve",71,"Without"
"rovbg9xl","random","trust",37,"Without"
"rovbg9xl","random","improve",19,"Without"
"yg4kx7h7","helpful","trust",77,"Without"
"yg4kx7h7","helpful","improve",51,"Without"
"yg4kx7h7","opposite","trust",0,"Without"
"yg4kx7h7","opposite","improve",100,"Without"
"yg4kx7h7","random","trust",62,"Without"
"yg4kx7h7","random","improve",50,"Without"
"yg4kx7h7","bluebias","trust",50,"Without"
"yg4kx7h7","bluebias","improve",37,"Without"
"m2gt677r","helpful","trust",25,"Without"
"m2gt677r","helpful","improve",25,"Without"
"m2gt677r","random","trust",13,"Without"
"m2gt677r","random","improve",6,"Without"
"m2gt677r","bluebias","trust",26,"Without"
"m2gt677r","bluebias","improve",25,"Without"
"m2gt677r","opposite","trust",4,"Without"
"m2gt677r","opposite","improve",63,"Without"
"q50cay2n","helpful","trust",73,"Without"
"q50cay2n","helpful","improve",71,"Without"
"q50cay2n","opposite","trust",1,"Without"
"q50cay2n","opposite","improve",9,"Without"
"q50cay2n","random","trust",42,"Without"
"q50cay2n","random","improve",50,"Without"
"q50cay2n","bluebias","trust",84,"Without"
"q50cay2n","bluebias","improve",88,"Without"
"3px58snn","bluebias","trust",71,"Without"
"3px58snn","bluebias","improve",65,"Without"
"3px58snn","helpful","trust",75,"Without"
"3px58snn","helpful","improve",75,"Without"
"3px58snn","random","trust",50,"Without"
"3px58snn","random","improve",58,"Without"
"3px58snn","opposite","trust",1,"Without"
"3px58snn","opposite","improve",2,"Without"
"pt4fljw4","helpful","trust",51,"Without"
"pt4fljw4","helpful","improve",50,"Without"
"pt4fljw4","opposite","trust",0,"Without"
"pt4fljw4","opposite","improve",0,"Without"
"pt4fljw4","bluebias","trust",89,"Without"
"pt4fljw4","bluebias","improve",85,"Without"
"pt4fljw4","random","trust",48,"Without"
"pt4fljw4","random","improve",48,"Without"
"ntupqwb6","opposite","trust",74,"Without"
"ntupqwb6","opposite","improve",29,"Without"
"ntupqwb6","random","trust",18,"Without"
"ntupqwb6","random","improve",48,"Without"
"ntupqwb6","helpful","trust",100,"Without"
"ntupqwb6","helpful","improve",93,"Without"
"ntupqwb6","bluebias","trust",30,"Without"
"ntupqwb6","bluebias","improve",62,"Without"
"ap8dgzkf","random","trust",62,"Without"
"ap8dgzkf","random","improve",76,"Without"
"ap8dgzkf","helpful","trust",91,"Without"
"ap8dgzkf","helpful","improve",94,"Without"
"ap8dgzkf","bluebias","trust",59,"Without"
"ap8dgzkf","bluebias","improve",42,"Without"
"ap8dgzkf","opposite","trust",11,"Without"
"ap8dgzkf","opposite","improve",4,"Without"
"krveh035","random","trust",38,"Without"
"krveh035","random","improve",61,"Without"
"krveh035","opposite","trust",15,"Without"
"krveh035","opposite","improve",24,"Without"
"krveh035","helpful","trust",89,"Without"
"krveh035","helpful","improve",84,"Without"
"krveh035","bluebias","trust",59,"Without"
"krveh035","bluebias","improve",64,"Without"
"df9st6eu","bluebias","trust",63,"Without"
"df9st6eu","bluebias","improve",63,"Without"
"df9st6eu","helpful","trust",67,"Without"
"df9st6eu","helpful","improve",74,"Without"
"df9st6eu","opposite","trust",14,"Without"
"df9st6eu","opposite","improve",74,"Without"
"df9st6eu","random","trust",37,"Without"
"df9st6eu","random","improve",24,"Without"
"50g5axl7","opposite","trust",0,"Without"
"50g5axl7","opposite","improve",0,"Without"
"50g5axl7","bluebias","trust",54,"Without"
"50g5axl7","bluebias","improve",60,"Without"
"50g5axl7","helpful","trust",82,"Without"
"50g5axl7","helpful","improve",78,"Without"
"50g5axl7","random","trust",50,"Without"
"50g5axl7","random","improve",50,"Without"
"kp5g0w9j","helpful","trust",69,"Without"
"kp5g0w9j","helpful","improve",72,"Without"
"kp5g0w9j","random","trust",29,"Without"
"kp5g0w9j","random","improve",27,"Without"
"kp5g0w9j","bluebias","trust",69,"Without"
"kp5g0w9j","bluebias","improve",71,"Without"
"kp5g0w9j","opposite","trust",8,"Without"
"kp5g0w9j","opposite","improve",15,"Without"
"4sag15hy","helpful","trust",75,"Without"
"4sag15hy","helpful","improve",76,"Without"
"4sag15hy","bluebias","trust",24,"Without"
"4sag15hy","bluebias","improve",26,"Without"
"4sag15hy","opposite","trust",0,"Without"
"4sag15hy","opposite","improve",0,"Without"
"4sag15hy","random","trust",24,"Without"
"4sag15hy","random","improve",23,"Without"
"s7h1nzq6","opposite","trust",73,"Without"
"s7h1nzq6","opposite","improve",49,"Without"
"s7h1nzq6","random","trust",73,"Without"
"s7h1nzq6","random","improve",49,"Without"
"s7h1nzq6","bluebias","trust",86,"Without"
"s7h1nzq6","bluebias","improve",70,"Without"
"s7h1nzq6","helpful","trust",73,"Without"
"s7h1nzq6","helpful","improve",74,"Without"
"xxtddo3m","random","trust",25,"Without"
"xxtddo3m","random","improve",24,"Without"
"xxtddo3m","bluebias","trust",24,"Without"
"xxtddo3m","bluebias","improve",25,"Without"
"xxtddo3m","helpful","trust",23,"Without"
"xxtddo3m","helpful","improve",24,"Without"
"xxtddo3m","opposite","trust",25,"Without"
"xxtddo3m","opposite","improve",25,"Without"
"ja3pylvg","random","trust",35,"Without"
"ja3pylvg","random","improve",46,"Without"
"ja3pylvg","opposite","trust",0,"Without"
"ja3pylvg","opposite","improve",9,"Without"
"ja3pylvg","bluebias","trust",68,"Without"
"ja3pylvg","bluebias","improve",68,"Without"
"ja3pylvg","helpful","trust",77,"Without"
"ja3pylvg","helpful","improve",75,"Without"
"k2wg5gg3","opposite","trust",13,"Without"
"k2wg5gg3","opposite","improve",50,"Without"
"k2wg5gg3","helpful","trust",74,"Without"
"k2wg5gg3","helpful","improve",75,"Without"
"k2wg5gg3","bluebias","trust",61,"Without"
"k2wg5gg3","bluebias","improve",50,"Without"
"k2wg5gg3","random","trust",41,"Without"
"k2wg5gg3","random","improve",23,"Without"
"cg3m01mg","random","trust",100,"Without"
"cg3m01mg","random","improve",100,"Without"
"cg3m01mg","opposite","trust",100,"Without"
"cg3m01mg","opposite","improve",100,"Without"
"cg3m01mg","helpful","trust",100,"Without"
"cg3m01mg","helpful","improve",100,"Without"
"cg3m01mg","bluebias","trust",100,"Without"
"cg3m01mg","bluebias","improve",100,"Without"
"o7czn20k","random","trust",3,"Without"
"o7czn20k","random","improve",0,"Without"
"o7czn20k","opposite","trust",0,"Without"
"o7czn20k","opposite","improve",47,"Without"
"o7czn20k","helpful","trust",93,"Without"
"o7czn20k","helpful","improve",100,"Without"
"o7czn20k","bluebias","trust",44,"Without"
"o7czn20k","bluebias","improve",59,"Without"
"naxa53zt","opposite","trust",24,"Without"
"naxa53zt","opposite","improve",0,"Without"
"naxa53zt","bluebias","trust",40,"Without"
"naxa53zt","bluebias","improve",36,"Without"
"naxa53zt","random","trust",71,"Without"
"naxa53zt","random","improve",74,"Without"
"naxa53zt","helpful","trust",75,"Without"
"naxa53zt","helpful","improve",100,"Without"
"bgzp5qyh","helpful","trust",74,"Without"
"bgzp5qyh","helpful","improve",72,"Without"
"bgzp5qyh","random","trust",0,"Without"
"bgzp5qyh","random","improve",0,"Without"
"bgzp5qyh","opposite","trust",0,"Without"
"bgzp5qyh","opposite","improve",0,"Without"
"bgzp5qyh","bluebias","trust",100,"Without"
"bgzp5qyh","bluebias","improve",100,"Without"
"udpk2omf","opposite","trust",75,"Without"
"udpk2omf","opposite","improve",76,"Without"
"udpk2omf","helpful","trust",80,"Without"
"udpk2omf","helpful","improve",76,"Without"
"udpk2omf","random","trust",61,"Without"
"udpk2omf","random","improve",60,"Without"
"udpk2omf","bluebias","trust",75,"Without"
"udpk2omf","bluebias","improve",76,"Without"
"z5vs6sop","opposite","trust",49,"Without"
"z5vs6sop","opposite","improve",49,"Without"
"z5vs6sop","bluebias","trust",75,"Without"
"z5vs6sop","bluebias","improve",50,"Without"
"z5vs6sop","random","trust",24,"Without"
"z5vs6sop","random","improve",23,"Without"
"z5vs6sop","helpful","trust",75,"Without"
"z5vs6sop","helpful","improve",85,"Without"
"nczwekue","random","trust",72,"Without"
"nczwekue","random","improve",69,"Without"
"nczwekue","helpful","trust",26,"Without"
"nczwekue","helpful","improve",29,"Without"
"nczwekue","opposite","trust",0,"Without"
"nczwekue","opposite","improve",0,"Without"
"nczwekue","bluebias","trust",24,"Without"
"nczwekue","bluebias","improve",27,"Without"
"8pd1c53b","helpful","trust",100,"Without"
"8pd1c53b","helpful","improve",100,"Without"
"8pd1c53b","random","trust",100,"Without"
"8pd1c53b","random","improve",100,"Without"
"8pd1c53b","opposite","trust",100,"Without"
"8pd1c53b","opposite","improve",79,"Without"
"8pd1c53b","bluebias","trust",100,"Without"
"8pd1c53b","bluebias","improve",100,"Without"
"a3gz2jhu","opposite","trust",0,"Without"
"a3gz2jhu","opposite","improve",8,"Without"
"a3gz2jhu","random","trust",17,"Without"
"a3gz2jhu","random","improve",18,"Without"
"a3gz2jhu","bluebias","trust",99,"Without"
"a3gz2jhu","bluebias","improve",99,"Without"
"a3gz2jhu","helpful","trust",100,"Without"
"a3gz2jhu","helpful","improve",99,"Without"
"o7ve545n","opposite","trust",24,"Without"
"o7ve545n","opposite","improve",50,"Without"
"o7ve545n","helpful","trust",57,"Without"
"o7ve545n","helpful","improve",57,"Without"
"o7ve545n","bluebias","trust",50,"Without"
"o7ve545n","bluebias","improve",43,"Without"
"o7ve545n","random","trust",37,"Without"
"o7ve545n","random","improve",22,"Without"
"t0omdjhl","helpful","trust",76,"Without"
"t0omdjhl","helpful","improve",74,"Without"
"t0omdjhl","opposite","trust",25,"Without"
"t0omdjhl","opposite","improve",19,"Without"
"t0omdjhl","bluebias","trust",50,"Without"
"t0omdjhl","bluebias","improve",66,"Without"
"t0omdjhl","random","trust",24,"Without"
"t0omdjhl","random","improve",29,"Without"
"4g887d2x","opposite","trust",6,"Without"
"4g887d2x","opposite","improve",25,"Without"
"4g887d2x","bluebias","trust",71,"Without"
"4g887d2x","bluebias","improve",73,"Without"
"4g887d2x","random","trust",49,"Without"
"4g887d2x","random","improve",51,"Without"
"4g887d2x","helpful","trust",77,"Without"
"4g887d2x","helpful","improve",78,"Without"
"gfas0c1r","helpful","trust",91,"Without"
"gfas0c1r","helpful","improve",90,"Without"
"gfas0c1r","bluebias","trust",34,"Without"
"gfas0c1r","bluebias","improve",39,"Without"
"gfas0c1r","random","trust",0,"Without"
"gfas0c1r","random","improve",0,"Without"
"gfas0c1r","opposite","trust",0,"Without"
"gfas0c1r","opposite","improve",0,"Without"
"e2g97kd7","helpful","trust",38,"Without"
"e2g97kd7","helpful","improve",29,"Without"
"e2g97kd7","opposite","trust",0,"Without"
"e2g97kd7","opposite","improve",0,"Without"
"e2g97kd7","random","trust",80,"Without"
"e2g97kd7","random","improve",91,"Without"
"e2g97kd7","bluebias","trust",83,"Without"
"e2g97kd7","bluebias","improve",85,"Without"
"yuujulja","helpful","trust",65,"Without"
"yuujulja","helpful","improve",59,"Without"
"yuujulja","bluebias","trust",57,"Without"
"yuujulja","bluebias","improve",54,"Without"
"yuujulja","opposite","trust",6,"Without"
"yuujulja","opposite","improve",0,"Without"
"yuujulja","random","trust",48,"Without"
"yuujulja","random","improve",34,"Without"
"0fa5xdrz","random","trust",35,"Without"
"0fa5xdrz","random","improve",43,"Without"
"0fa5xdrz","helpful","trust",56,"Without"
"0fa5xdrz","helpful","improve",63,"Without"
"0fa5xdrz","bluebias","trust",24,"Without"
"0fa5xdrz","bluebias","improve",17,"Without"
"0fa5xdrz","opposite","trust",10,"Without"
"0fa5xdrz","opposite","improve",8,"Without"
"2wbdhcfa","random","trust",75,"Without"
"2wbdhcfa","random","improve",69,"Without"
"2wbdhcfa","bluebias","trust",13,"Without"
"2wbdhcfa","bluebias","improve",12,"Without"
"2wbdhcfa","opposite","trust",0,"Without"
"2wbdhcfa","opposite","improve",82,"Without"
"2wbdhcfa","helpful","trust",64,"Without"
"2wbdhcfa","helpful","improve",34,"Without"
"zvxjp5uj","random","trust",66,"Without"
"zvxjp5uj","random","improve",76,"Without"
"zvxjp5uj","opposite","trust",60,"Without"
"zvxjp5uj","opposite","improve",61,"Without"
"zvxjp5uj","helpful","trust",61,"Without"
"zvxjp5uj","helpful","improve",72,"Without"
"zvxjp5uj","bluebias","trust",74,"Without"
"zvxjp5uj","bluebias","improve",82,"Without"
"codgtzk9","random","trust",43,"Without"
"codgtzk9","random","improve",45,"Without"
"codgtzk9","opposite","trust",13,"Without"
"codgtzk9","opposite","improve",12,"Without"
"codgtzk9","bluebias","trust",38,"Without"
"codgtzk9","bluebias","improve",37,"Without"
"codgtzk9","helpful","trust",75,"Without"
"codgtzk9","helpful","improve",76,"Without"
"fonum3cd","random","trust",77,"Without"
"fonum3cd","random","improve",78,"Without"
"fonum3cd","opposite","trust",77,"Without"
"fonum3cd","opposite","improve",77,"Without"
"fonum3cd","bluebias","trust",80,"Without"
"fonum3cd","bluebias","improve",83,"Without"
"fonum3cd","helpful","trust",80,"Without"
"fonum3cd","helpful","improve",79,"Without"
"1rtsn438","random","trust",73,"Without"
"1rtsn438","random","improve",29,"Without"
"1rtsn438","bluebias","trust",35,"Without"
"1rtsn438","bluebias","improve",25,"Without"
"1rtsn438","opposite","trust",77,"Without"
"1rtsn438","opposite","improve",48,"Without"
"1rtsn438","helpful","trust",76,"Without"
"1rtsn438","helpful","improve",46,"Without"
"kdzq0ao6","helpful","trust",78,"Without"
"kdzq0ao6","helpful","improve",89,"Without"
"kdzq0ao6","bluebias","trust",51,"Without"
"kdzq0ao6","bluebias","improve",36,"Without"
"kdzq0ao6","opposite","trust",1,"Without"
"kdzq0ao6","opposite","improve",6,"Without"
"kdzq0ao6","random","trust",32,"Without"
"kdzq0ao6","random","improve",56,"Without"
"2p2qngsy","helpful","trust",45,"Without"
"2p2qngsy","helpful","improve",61,"Without"
"2p2qngsy","random","trust",16,"Without"
"2p2qngsy","random","improve",17,"Without"
"2p2qngsy","bluebias","trust",42,"Without"
"2p2qngsy","bluebias","improve",40,"Without"
"2p2qngsy","opposite","trust",14,"Without"
"2p2qngsy","opposite","improve",6,"Without"
"k556cggx","opposite","trust",35,"Without"
"k556cggx","opposite","improve",32,"Without"
"k556cggx","bluebias","trust",76,"Without"
"k556cggx","bluebias","improve",75,"Without"
"k556cggx","helpful","trust",73,"Without"
"k556cggx","helpful","improve",75,"Without"
"k556cggx","random","trust",18,"Without"
"k556cggx","random","improve",20,"Without"
"k50a66z7","bluebias","trust",78,"Without"
"k50a66z7","bluebias","improve",72,"Without"
"k50a66z7","random","trust",73,"Without"
"k50a66z7","random","improve",84,"Without"
"k50a66z7","helpful","trust",79,"Without"
"k50a66z7","helpful","improve",82,"Without"
"k50a66z7","opposite","trust",99,"Without"
"k50a66z7","opposite","improve",74,"Without"
"zjxxg1qs","random","trust",25,"Without"
"zjxxg1qs","random","improve",68,"Without"
"zjxxg1qs","bluebias","trust",27,"Without"
"zjxxg1qs","bluebias","improve",67,"Without"
"zjxxg1qs","helpful","trust",24,"Without"
"zjxxg1qs","helpful","improve",72,"Without"
"zjxxg1qs","opposite","trust",4,"Without"
"zjxxg1qs","opposite","improve",24,"Without"
"bdwnaggl","random","trust",77,"Without"
"bdwnaggl","random","improve",73,"Without"
"bdwnaggl","bluebias","trust",75,"Without"
"bdwnaggl","bluebias","improve",75,"Without"
"bdwnaggl","helpful","trust",100,"Without"
"bdwnaggl","helpful","improve",100,"Without"
"bdwnaggl","opposite","trust",2,"Without"
"bdwnaggl","opposite","improve",0,"Without"
"3ypa9yxs","random","trust",75,"Without"
"3ypa9yxs","random","improve",75,"Without"
"3ypa9yxs","opposite","trust",27,"Without"
"3ypa9yxs","opposite","improve",60,"Without"
"3ypa9yxs","bluebias","trust",75,"Without"
"3ypa9yxs","bluebias","improve",72,"Without"
"3ypa9yxs","helpful","trust",72,"Without"
"3ypa9yxs","helpful","improve",66,"Without"
"ez3rhwy4","helpful","trust",69,"Without"
"ez3rhwy4","helpful","improve",60,"Without"
"ez3rhwy4","random","trust",96,"Without"
"ez3rhwy4","random","improve",12,"Without"
"ez3rhwy4","bluebias","trust",89,"Without"
"ez3rhwy4","bluebias","improve",29,"Without"
"ez3rhwy4","opposite","trust",98,"Without"
"ez3rhwy4","opposite","improve",32,"Without"
"jdy6471m","helpful","trust",77,"Without"
"jdy6471m","helpful","improve",76,"Without"
"jdy6471m","bluebias","trust",97,"Without"
"jdy6471m","bluebias","improve",86,"Without"
"jdy6471m","random","trust",81,"Without"
"jdy6471m","random","improve",80,"Without"
"jdy6471m","opposite","trust",23,"Without"
"jdy6471m","opposite","improve",22,"Without"
"x6f4bju0","opposite","trust",23,"Without"
"x6f4bju0","opposite","improve",24,"Without"
"x6f4bju0","helpful","trust",75,"Without"
"x6f4bju0","helpful","improve",75,"Without"
"x6f4bju0","bluebias","trust",75,"Without"
"x6f4bju0","bluebias","improve",75,"Without"
"x6f4bju0","random","trust",50,"Without"
"x6f4bju0","random","improve",50,"Without"
"4pfcn1bb","bluebias","trust",79,"Without"
"4pfcn1bb","bluebias","improve",81,"Without"
"4pfcn1bb","random","trust",43,"Without"
"4pfcn1bb","random","improve",35,"Without"
"4pfcn1bb","opposite","trust",15,"Without"
"4pfcn1bb","opposite","improve",13,"Without"
"4pfcn1bb","helpful","trust",79,"Without"
"4pfcn1bb","helpful","improve",79,"Without"
"fob4px3o","helpful","trust",80,"Without"
"fob4px3o","helpful","improve",75,"Without"
"fob4px3o","bluebias","trust",40,"Without"
"fob4px3o","bluebias","improve",49,"Without"
"fob4px3o","random","trust",50,"Without"
"fob4px3o","random","improve",52,"Without"
"fob4px3o","opposite","trust",23,"Without"
"fob4px3o","opposite","improve",20,"Without"
"hbl8xzyc","random","trust",50,"Without"
"hbl8xzyc","random","improve",50,"Without"
"hbl8xzyc","opposite","trust",72,"Without"
"hbl8xzyc","opposite","improve",76,"Without"
"hbl8xzyc","bluebias","trust",72,"Without"
"hbl8xzyc","bluebias","improve",73,"Without"
"hbl8xzyc","helpful","trust",50,"Without"
"hbl8xzyc","helpful","improve",50,"Without"
"oh59rujj","bluebias","trust",76,"Without"
"oh59rujj","bluebias","improve",64,"Without"
"oh59rujj","opposite","trust",74,"Without"
"oh59rujj","opposite","improve",71,"Without"
"oh59rujj","helpful","trust",62,"Without"
"oh59rujj","helpful","improve",59,"Without"
"oh59rujj","random","trust",54,"Without"
"oh59rujj","random","improve",45,"Without"
"q07kucsw","random","trust",68,"Without"
"q07kucsw","random","improve",61,"Without"
"q07kucsw","bluebias","trust",24,"Without"
"q07kucsw","bluebias","improve",30,"Without"
"q07kucsw","helpful","trust",40,"Without"
"q07kucsw","helpful","improve",44,"Without"
"q07kucsw","opposite","trust",0,"Without"
"q07kucsw","opposite","improve",0,"Without"
"acsmhj06","random","trust",78,"Without"
"acsmhj06","random","improve",85,"Without"
"acsmhj06","bluebias","trust",35,"Without"
"acsmhj06","bluebias","improve",59,"Without"
"acsmhj06","opposite","trust",23,"Without"
"acsmhj06","opposite","improve",27,"Without"
"acsmhj06","helpful","trust",91,"Without"
"acsmhj06","helpful","improve",100,"Without"
"nz424b2c","bluebias","trust",70,"Without"
"nz424b2c","bluebias","improve",69,"Without"
"nz424b2c","opposite","trust",0,"Without"
"nz424b2c","opposite","improve",20,"Without"
"nz424b2c","helpful","trust",70,"Without"
"nz424b2c","helpful","improve",64,"Without"
"nz424b2c","random","trust",27,"Without"
"nz424b2c","random","improve",26,"Without"
"1s1vqmwy","opposite","trust",50,"Without"
"1s1vqmwy","opposite","improve",51,"Without"
"1s1vqmwy","bluebias","trust",51,"Without"
"1s1vqmwy","bluebias","improve",50,"Without"
"1s1vqmwy","random","trust",55,"Without"
"1s1vqmwy","random","improve",59,"Without"
"1s1vqmwy","helpful","trust",52,"Without"
"1s1vqmwy","helpful","improve",54,"Without"
"psjhtf8a","random","trust",76,"Without"
"psjhtf8a","random","improve",80,"Without"
"psjhtf8a","bluebias","trust",77,"Without"
"psjhtf8a","bluebias","improve",87,"Without"
"psjhtf8a","helpful","trust",78,"Without"
"psjhtf8a","helpful","improve",80,"Without"
"psjhtf8a","opposite","trust",1,"Without"
"psjhtf8a","opposite","improve",2,"Without"
"74crp9wo","bluebias","trust",77,"With"
"74crp9wo","bluebias","improve",78,"With"
"74crp9wo","random","trust",89,"With"
"74crp9wo","random","improve",72,"With"
"74crp9wo","opposite","trust",88,"With"
"74crp9wo","opposite","improve",77,"With"
"74crp9wo","helpful","trust",79,"With"
"74crp9wo","helpful","improve",81,"With"
"gb7904jd","opposite","trust",26,"With"
"gb7904jd","opposite","improve",0,"With"
"gb7904jd","helpful","trust",74,"With"
"gb7904jd","helpful","improve",77,"With"
"gb7904jd","bluebias","trust",75,"With"
"gb7904jd","bluebias","improve",75,"With"
"gb7904jd","random","trust",24,"With"
"gb7904jd","random","improve",28,"With"
"qlfh0hd9","helpful","trust",50,"With"
"qlfh0hd9","helpful","improve",66,"With"
"qlfh0hd9","bluebias","trust",24,"With"
"qlfh0hd9","bluebias","improve",24,"With"
"qlfh0hd9","opposite","trust",0,"With"
"qlfh0hd9","opposite","improve",100,"With"
"qlfh0hd9","random","trust",24,"With"
"qlfh0hd9","random","improve",0,"With"
"0p8dfxsx","opposite","trust",0,"With"
"0p8dfxsx","opposite","improve",0,"With"
"0p8dfxsx","bluebias","trust",68,"With"
"0p8dfxsx","bluebias","improve",76,"With"
"0p8dfxsx","random","trust",0,"With"
"0p8dfxsx","random","improve",0,"With"
"0p8dfxsx","helpful","trust",100,"With"
"0p8dfxsx","helpful","improve",100,"With"
"bcx7mlow","helpful","trust",73,"With"
"bcx7mlow","helpful","improve",81,"With"
"bcx7mlow","random","trust",59,"With"
"bcx7mlow","random","improve",42,"With"
"bcx7mlow","bluebias","trust",14,"With"
"bcx7mlow","bluebias","improve",24,"With"
"bcx7mlow","opposite","trust",98,"With"
"bcx7mlow","opposite","improve",100,"With"
"9uledqxn","opposite","trust",0,"With"
"9uledqxn","opposite","improve",74,"With"
"9uledqxn","random","trust",0,"With"
"9uledqxn","random","improve",0,"With"
"9uledqxn","bluebias","trust",0,"With"
"9uledqxn","bluebias","improve",70,"With"
"9uledqxn","helpful","trust",100,"With"
"9uledqxn","helpful","improve",100,"With"
"uu6sywal","opposite","trust",23,"With"
"uu6sywal","opposite","improve",23,"With"
"uu6sywal","helpful","trust",74,"With"
"uu6sywal","helpful","improve",75,"With"
"uu6sywal","random","trust",50,"With"
"uu6sywal","random","improve",27,"With"
"uu6sywal","bluebias","trust",77,"With"
"uu6sywal","bluebias","improve",28,"With"
"sheb66w1","opposite","trust",0,"With"
"sheb66w1","opposite","improve",74,"With"
"sheb66w1","helpful","trust",82,"With"
"sheb66w1","helpful","improve",88,"With"
"sheb66w1","random","trust",0,"With"
"sheb66w1","random","improve",50,"With"
"sheb66w1","bluebias","trust",27,"With"
"sheb66w1","bluebias","improve",26,"With"
"u4xtx2dm","helpful","trust",87,"With"
"u4xtx2dm","helpful","improve",100,"With"
"u4xtx2dm","bluebias","trust",24,"With"
"u4xtx2dm","bluebias","improve",8,"With"
"u4xtx2dm","opposite","trust",0,"With"
"u4xtx2dm","opposite","improve",100,"With"
"u4xtx2dm","random","trust",12,"With"
"u4xtx2dm","random","improve",0,"With"
"hyr1n3kv","bluebias","trust",80,"With"
"hyr1n3kv","bluebias","improve",78,"With"
"hyr1n3kv","opposite","trust",35,"With"
"hyr1n3kv","opposite","improve",39,"With"
"hyr1n3kv","helpful","trust",100,"With"
"hyr1n3kv","helpful","improve",100,"With"
"hyr1n3kv","random","trust",77,"With"
"hyr1n3kv","random","improve",74,"With"
"lqvqzqdx","bluebias","trust",84,"With"
"lqvqzqdx","bluebias","improve",77,"With"
"lqvqzqdx","helpful","trust",100,"With"
"lqvqzqdx","helpful","improve",91,"With"
"lqvqzqdx","random","trust",14,"With"
"lqvqzqdx","random","improve",18,"With"
"lqvqzqdx","opposite","trust",38,"With"
"lqvqzqdx","opposite","improve",43,"With"
"r51u22nk","helpful","trust",65,"With"
"r51u22nk","helpful","improve",81,"With"
"r51u22nk","opposite","trust",50,"With"
"r51u22nk","opposite","improve",50,"With"
"r51u22nk","random","trust",40,"With"
"r51u22nk","random","improve",43,"With"
"r51u22nk","bluebias","trust",73,"With"
"r51u22nk","bluebias","improve",78,"With"
"b6eqjh4j","opposite","trust",27,"With"
"b6eqjh4j","opposite","improve",26,"With"
"b6eqjh4j","random","trust",54,"With"
"b6eqjh4j","random","improve",45,"With"
"b6eqjh4j","bluebias","trust",28,"With"
"b6eqjh4j","bluebias","improve",59,"With"
"b6eqjh4j","helpful","trust",56,"With"
"b6eqjh4j","helpful","improve",72,"With"
"rnvw4em9","random","trust",75,"With"
"rnvw4em9","random","improve",50,"With"
"rnvw4em9","bluebias","trust",76,"With"
"rnvw4em9","bluebias","improve",95,"With"
"rnvw4em9","opposite","trust",2,"With"
"rnvw4em9","opposite","improve",4,"With"
"rnvw4em9","helpful","trust",99,"With"
"rnvw4em9","helpful","improve",98,"With"
"18f9dq22","helpful","trust",87,"With"
"18f9dq22","helpful","improve",75,"With"
"18f9dq22","random","trust",25,"With"
"18f9dq22","random","improve",24,"With"
"18f9dq22","bluebias","trust",50,"With"
"18f9dq22","bluebias","improve",25,"With"
"18f9dq22","opposite","trust",97,"With"
"18f9dq22","opposite","improve",91,"With"
"c51zqpl3","helpful","trust",85,"With"
"c51zqpl3","helpful","improve",85,"With"
"c51zqpl3","bluebias","trust",23,"With"
"c51zqpl3","bluebias","improve",34,"With"
"c51zqpl3","opposite","trust",0,"With"
"c51zqpl3","opposite","improve",23,"With"
"c51zqpl3","random","trust",0,"With"
"c51zqpl3","random","improve",0,"With"
"4o5tm4u7","helpful","trust",50,"With"
"4o5tm4u7","helpful","improve",50,"With"
"4o5tm4u7","bluebias","trust",24,"With"
"4o5tm4u7","bluebias","improve",24,"With"
"4o5tm4u7","opposite","trust",0,"With"
"4o5tm4u7","opposite","improve",0,"With"
"4o5tm4u7","random","trust",50,"With"
"4o5tm4u7","random","improve",49,"With"
"1nmj9t5e","random","trust",53,"With"
"1nmj9t5e","random","improve",50,"With"
"1nmj9t5e","bluebias","trust",55,"With"
"1nmj9t5e","bluebias","improve",56,"With"
"1nmj9t5e","opposite","trust",57,"With"
"1nmj9t5e","opposite","improve",58,"With"
"1nmj9t5e","helpful","trust",56,"With"
"1nmj9t5e","helpful","improve",58,"With"
"291s3y34","random","trust",5,"With"
"291s3y34","random","improve",0,"With"
"291s3y34","helpful","trust",100,"With"
"291s3y34","helpful","improve",100,"With"
"291s3y34","bluebias","trust",59,"With"
"291s3y34","bluebias","improve",54,"With"
"291s3y34","opposite","trust",14,"With"
"291s3y34","opposite","improve",5,"With"
"70umq1tk","bluebias","trust",28,"With"
"70umq1tk","bluebias","improve",74,"With"
"70umq1tk","helpful","trust",74,"With"
"70umq1tk","helpful","improve",74,"With"
"70umq1tk","random","trust",50,"With"
"70umq1tk","random","improve",72,"With"
"70umq1tk","opposite","trust",2,"With"
"70umq1tk","opposite","improve",74,"With"
"am985rgq","opposite","trust",1,"With"
"am985rgq","opposite","improve",0,"With"
"am985rgq","random","trust",24,"With"
"am985rgq","random","improve",21,"With"
"am985rgq","bluebias","trust",23,"With"
"am985rgq","bluebias","improve",0,"With"
"am985rgq","helpful","trust",73,"With"
"am985rgq","helpful","improve",74,"With"
"b6ofpl7r","opposite","trust",21,"With"
"b6ofpl7r","opposite","improve",12,"With"
"b6ofpl7r","random","trust",0,"With"
"b6ofpl7r","random","improve",0,"With"
"b6ofpl7r","bluebias","trust",13,"With"
"b6ofpl7r","bluebias","improve",0,"With"
"b6ofpl7r","helpful","trust",76,"With"
"b6ofpl7r","helpful","improve",87,"With"
"d15mkf3r","random","trust",0,"With"
"d15mkf3r","random","improve",0,"With"
"d15mkf3r","helpful","trust",81,"With"
"d15mkf3r","helpful","improve",100,"With"
"d15mkf3r","opposite","trust",0,"With"
"d15mkf3r","opposite","improve",100,"With"
"d15mkf3r","bluebias","trust",74,"With"
"d15mkf3r","bluebias","improve",100,"With"
"fys42wo9","bluebias","trust",71,"With"
"fys42wo9","bluebias","improve",50,"With"
"fys42wo9","helpful","trust",69,"With"
"fys42wo9","helpful","improve",54,"With"
"fys42wo9","random","trust",35,"With"
"fys42wo9","random","improve",38,"With"
"fys42wo9","opposite","trust",0,"With"
"fys42wo9","opposite","improve",75,"With"
"jwyq6qpp","helpful","trust",81,"With"
"jwyq6qpp","helpful","improve",80,"With"
"jwyq6qpp","opposite","trust",0,"With"
"jwyq6qpp","opposite","improve",0,"With"
"jwyq6qpp","bluebias","trust",66,"With"
"jwyq6qpp","bluebias","improve",65,"With"
"jwyq6qpp","random","trust",15,"With"
"jwyq6qpp","random","improve",0,"With"
"n2m3pmr0","bluebias","trust",71,"With"
"n2m3pmr0","bluebias","improve",75,"With"
"n2m3pmr0","helpful","trust",67,"With"
"n2m3pmr0","helpful","improve",69,"With"
"n2m3pmr0","opposite","trust",22,"With"
"n2m3pmr0","opposite","improve",90,"With"
"n2m3pmr0","random","trust",76,"With"
"n2m3pmr0","random","improve",25,"With"
"sonwe5gk","opposite","trust",30,"With"
"sonwe5gk","opposite","improve",32,"With"
"sonwe5gk","bluebias","trust",67,"With"
"sonwe5gk","bluebias","improve",67,"With"
"sonwe5gk","random","trust",45,"With"
"sonwe5gk","random","improve",40,"With"
"sonwe5gk","helpful","trust",74,"With"
"sonwe5gk","helpful","improve",67,"With"
"tjr9hr3g","random","trust",25,"With"
"tjr9hr3g","random","improve",24,"With"
"tjr9hr3g","bluebias","trust",75,"With"
"tjr9hr3g","bluebias","improve",51,"With"
"tjr9hr3g","helpful","trust",100,"With"
"tjr9hr3g","helpful","improve",100,"With"
"tjr9hr3g","opposite","trust",0,"With"
"tjr9hr3g","opposite","improve",0,"With"
"tmp1wbhd","bluebias","trust",75,"With"
"tmp1wbhd","bluebias","improve",51,"With"
"tmp1wbhd","opposite","trust",24,"With"
"tmp1wbhd","opposite","improve",28,"With"
"tmp1wbhd","helpful","trust",93,"With"
"tmp1wbhd","helpful","improve",86,"With"
"tmp1wbhd","random","trust",36,"With"
"tmp1wbhd","random","improve",50,"With"
"tnvyypzj","opposite","trust",9,"With"
"tnvyypzj","opposite","improve",26,"With"
"tnvyypzj","bluebias","trust",76,"With"
"tnvyypzj","bluebias","improve",75,"With"
"tnvyypzj","random","trust",0,"With"
"tnvyypzj","random","improve",1,"With"
"tnvyypzj","helpful","trust",90,"With"
"tnvyypzj","helpful","improve",91,"With"
"xpv2212l","helpful","trust",85,"With"
"xpv2212l","helpful","improve",84,"With"
"xpv2212l","opposite","trust",6,"With"
"xpv2212l","opposite","improve",3,"With"
"xpv2212l","random","trust",0,"With"
"xpv2212l","random","improve",0,"With"
"xpv2212l","bluebias","trust",34,"With"
"xpv2212l","bluebias","improve",26,"With"
"djtn3kql","bluebias","trust",74,"With"
"djtn3kql","bluebias","improve",86,"With"
"djtn3kql","random","trust",25,"With"
"djtn3kql","random","improve",57,"With"
"djtn3kql","opposite","trust",4,"With"
"djtn3kql","opposite","improve",88,"With"
"djtn3kql","helpful","trust",74,"With"
"djtn3kql","helpful","improve",89,"With"
"upd5hxem","opposite","trust",10,"With"
"upd5hxem","opposite","improve",86,"With"
"upd5hxem","random","trust",7,"With"
"upd5hxem","random","improve",24,"With"
"upd5hxem","helpful","trust",78,"With"
"upd5hxem","helpful","improve",74,"With"
"upd5hxem","bluebias","trust",71,"With"
"upd5hxem","bluebias","improve",72,"With"
"b2u6r871","opposite","trust",64,"With"
"b2u6r871","opposite","improve",42,"With"
"b2u6r871","helpful","trust",93,"With"
"b2u6r871","helpful","improve",93,"With"
"b2u6r871","bluebias","trust",58,"With"
"b2u6r871","bluebias","improve",58,"With"
"b2u6r871","random","trust",20,"With"
"b2u6r871","random","improve",27,"With"
"a2juvku1","helpful","trust",79,"With"
"a2juvku1","helpful","improve",67,"With"
"a2juvku1","opposite","trust",24,"With"
"a2juvku1","opposite","improve",25,"With"
"a2juvku1","random","trust",6,"With"
"a2juvku1","random","improve",23,"With"
"a2juvku1","bluebias","trust",28,"With"
"a2juvku1","bluebias","improve",42,"With"
"a46wwr88","opposite","trust",0,"With"
"a46wwr88","opposite","improve",0,"With"
"a46wwr88","bluebias","trust",98,"With"
"a46wwr88","bluebias","improve",100,"With"
"a46wwr88","helpful","trust",81,"With"
"a46wwr88","helpful","improve",89,"With"
"a46wwr88","random","trust",37,"With"
"a46wwr88","random","improve",28,"With"
"quyu5021","random","trust",21,"With"
"quyu5021","random","improve",24,"With"
"quyu5021","bluebias","trust",0,"With"
"quyu5021","bluebias","improve",0,"With"
"quyu5021","opposite","trust",10,"With"
"quyu5021","opposite","improve",14,"With"
"quyu5021","helpful","trust",100,"With"
"quyu5021","helpful","improve",100,"With"
"uh2ltc62","helpful","trust",100,"With"
"uh2ltc62","helpful","improve",100,"With"
"uh2ltc62","bluebias","trust",32,"With"
"uh2ltc62","bluebias","improve",22,"With"
"uh2ltc62","opposite","trust",0,"With"
"uh2ltc62","opposite","improve",100,"With"
"uh2ltc62","random","trust",0,"With"
"uh2ltc62","random","improve",0,"With"
"3g586t5p","helpful","trust",92,"With"
"3g586t5p","helpful","improve",100,"With"
"3g586t5p","opposite","trust",28,"With"
"3g586t5p","opposite","improve",74,"With"
"3g586t5p","bluebias","trust",65,"With"
"3g586t5p","bluebias","improve",90,"With"
"3g586t5p","random","trust",42,"With"
"3g586t5p","random","improve",61,"With"
"evo31suv","random","trust",16,"With"
"evo31suv","random","improve",0,"With"
"evo31suv","bluebias","trust",24,"With"
"evo31suv","bluebias","improve",24,"With"
"evo31suv","opposite","trust",0,"With"
"evo31suv","opposite","improve",1,"With"
"evo31suv","helpful","trust",96,"With"
"evo31suv","helpful","improve",93,"With"
"gme3u3n7","helpful","trust",38,"With"
"gme3u3n7","helpful","improve",49,"With"
"gme3u3n7","opposite","trust",0,"With"
"gme3u3n7","opposite","improve",100,"With"
"gme3u3n7","bluebias","trust",0,"With"
"gme3u3n7","bluebias","improve",60,"With"
"gme3u3n7","random","trust",0,"With"
"gme3u3n7","random","improve",0,"With"
"m6wpf6z8","random","trust",7,"With"
"m6wpf6z8","random","improve",7,"With"
"m6wpf6z8","opposite","trust",0,"With"
"m6wpf6z8","opposite","improve",0,"With"
"m6wpf6z8","bluebias","trust",62,"With"
"m6wpf6z8","bluebias","improve",71,"With"
"m6wpf6z8","helpful","trust",71,"With"
"m6wpf6z8","helpful","improve",76,"With"
"rlqv1xue","random","trust",75,"With"
"rlqv1xue","random","improve",74,"With"
"rlqv1xue","helpful","trust",100,"With"
"rlqv1xue","helpful","improve",100,"With"
"rlqv1xue","opposite","trust",25,"With"
"rlqv1xue","opposite","improve",24,"With"
"rlqv1xue","bluebias","trust",74,"With"
"rlqv1xue","bluebias","improve",76,"With"
"s1g3px8g","opposite","trust",0,"With"
"s1g3px8g","opposite","improve",24,"With"
"s1g3px8g","random","trust",0,"With"
"s1g3px8g","random","improve",0,"With"
"s1g3px8g","bluebias","trust",73,"With"
"s1g3px8g","bluebias","improve",75,"With"
"s1g3px8g","helpful","trust",75,"With"
"s1g3px8g","helpful","improve",75,"With"
"t042j0zp","bluebias","trust",24,"With"
"t042j0zp","bluebias","improve",75,"With"
"t042j0zp","helpful","trust",100,"With"
"t042j0zp","helpful","improve",100,"With"
"t042j0zp","random","trust",0,"With"
"t042j0zp","random","improve",11,"With"
"t042j0zp","opposite","trust",0,"With"
"t042j0zp","opposite","improve",83,"With"
"4fhclpht","bluebias","trust",50,"With"
"4fhclpht","bluebias","improve",50,"With"
"4fhclpht","helpful","trust",87,"With"
"4fhclpht","helpful","improve",100,"With"
"4fhclpht","opposite","trust",0,"With"
"4fhclpht","opposite","improve",76,"With"
"4fhclpht","random","trust",0,"With"
"4fhclpht","random","improve",0,"With"
"c1xhoekk","helpful","trust",85,"With"
"c1xhoekk","helpful","improve",77,"With"
"c1xhoekk","bluebias","trust",78,"With"
"c1xhoekk","bluebias","improve",50,"With"
"c1xhoekk","opposite","trust",76,"With"
"c1xhoekk","opposite","improve",72,"With"
"c1xhoekk","random","trust",75,"With"
"c1xhoekk","random","improve",74,"With"
"ekwqrvsn","helpful","trust",75,"With"
"ekwqrvsn","helpful","improve",79,"With"
"ekwqrvsn","opposite","trust",13,"With"
"ekwqrvsn","opposite","improve",71,"With"
"ekwqrvsn","bluebias","trust",8,"With"
"ekwqrvsn","bluebias","improve",24,"With"
"ekwqrvsn","random","trust",21,"With"
"ekwqrvsn","random","improve",21,"With"
"j0y1tne5","opposite","trust",68,"With"
"j0y1tne5","opposite","improve",69,"With"
"j0y1tne5","random","trust",66,"With"
"j0y1tne5","random","improve",77,"With"
"j0y1tne5","helpful","trust",100,"With"
"j0y1tne5","helpful","improve",100,"With"
"j0y1tne5","bluebias","trust",79,"With"
"j0y1tne5","bluebias","improve",86,"With"
"kqatkrvg","bluebias","trust",35,"With"
"kqatkrvg","bluebias","improve",17,"With"
"kqatkrvg","opposite","trust",0,"With"
"kqatkrvg","opposite","improve",6,"With"
"kqatkrvg","random","trust",5,"With"
"kqatkrvg","random","improve",0,"With"
"kqatkrvg","helpful","trust",73,"With"
"kqatkrvg","helpful","improve",64,"With"
"q0el8a0f","random","trust",11,"With"
"q0el8a0f","random","improve",24,"With"
"q0el8a0f","helpful","trust",94,"With"
"q0el8a0f","helpful","improve",93,"With"
"q0el8a0f","bluebias","trust",70,"With"
"q0el8a0f","bluebias","improve",65,"With"
"q0el8a0f","opposite","trust",0,"With"
"q0el8a0f","opposite","improve",0,"With"
"w37sv06m","opposite","trust",34,"With"
"w37sv06m","opposite","improve",20,"With"
"w37sv06m","helpful","trust",77,"With"
"w37sv06m","helpful","improve",91,"With"
"w37sv06m","random","trust",29,"With"
"w37sv06m","random","improve",59,"With"
"w37sv06m","bluebias","trust",73,"With"
"w37sv06m","bluebias","improve",81,"With"
"e0lvdrny","random","trust",13,"With"
"e0lvdrny","random","improve",0,"With"
"e0lvdrny","bluebias","trust",100,"With"
"e0lvdrny","bluebias","improve",100,"With"
"e0lvdrny","opposite","trust",0,"With"
"e0lvdrny","opposite","improve",100,"With"
"e0lvdrny","helpful","trust",75,"With"
"e0lvdrny","helpful","improve",75,"With"
"k52e71hc","bluebias","trust",73,"With"
"k52e71hc","bluebias","improve",67,"With"
"k52e71hc","opposite","trust",0,"With"
"k52e71hc","opposite","improve",9,"With"
"k52e71hc","helpful","trust",92,"With"
"k52e71hc","helpful","improve",91,"With"
"k52e71hc","random","trust",25,"With"
"k52e71hc","random","improve",24,"With"
"565sx8x5","helpful","trust",82,"With"
"565sx8x5","helpful","improve",85,"With"
"565sx8x5","bluebias","trust",26,"With"
"565sx8x5","bluebias","improve",23,"With"
"565sx8x5","random","trust",3,"With"
"565sx8x5","random","improve",1,"With"
"565sx8x5","opposite","trust",0,"With"
"565sx8x5","opposite","improve",0,"With"
"wzvtvg06","opposite","trust",0,"With"
"wzvtvg06","opposite","improve",1,"With"
"wzvtvg06","random","trust",25,"With"
"wzvtvg06","random","improve",0,"With"
"wzvtvg06","helpful","trust",100,"With"
"wzvtvg06","helpful","improve",100,"With"
"wzvtvg06","bluebias","trust",70,"With"
"wzvtvg06","bluebias","improve",74,"With"
"8onp4gvp","random","trust",15,"With"
"8onp4gvp","random","improve",11,"With"
"8onp4gvp","bluebias","trust",51,"With"
"8onp4gvp","bluebias","improve",49,"With"
"8onp4gvp","opposite","trust",0,"With"
"8onp4gvp","opposite","improve",100,"With"
"8onp4gvp","helpful","trust",84,"With"
"8onp4gvp","helpful","improve",76,"With"
"3aw6ekb6","random","trust",59,"With"
"3aw6ekb6","random","improve",53,"With"
"3aw6ekb6","bluebias","trust",55,"With"
"3aw6ekb6","bluebias","improve",41,"With"
"3aw6ekb6","opposite","trust",5,"With"
"3aw6ekb6","opposite","improve",6,"With"
"3aw6ekb6","helpful","trust",91,"With"
"3aw6ekb6","helpful","improve",89,"With"
"3v0oh9e0","helpful","trust",83,"With"
"3v0oh9e0","helpful","improve",73,"With"
"3v0oh9e0","random","trust",39,"With"
"3v0oh9e0","random","improve",57,"With"
"3v0oh9e0","bluebias","trust",67,"With"
"3v0oh9e0","bluebias","improve",76,"With"
"3v0oh9e0","opposite","trust",0,"With"
"3v0oh9e0","opposite","improve",100,"With"
"m1qdo771","bluebias","trust",70,"With"
"m1qdo771","bluebias","improve",86,"With"
"m1qdo771","opposite","trust",0,"With"
"m1qdo771","opposite","improve",24,"With"
"m1qdo771","random","trust",26,"With"
"m1qdo771","random","improve",23,"With"
"m1qdo771","helpful","trust",74,"With"
"m1qdo771","helpful","improve",76,"With"
"mckknsz5","opposite","trust",0,"With"
"mckknsz5","opposite","improve",0,"With"
"mckknsz5","helpful","trust",76,"With"
"mckknsz5","helpful","improve",100,"With"
"mckknsz5","bluebias","trust",75,"With"
"mckknsz5","bluebias","improve",75,"With"
"mckknsz5","random","trust",27,"With"
"mckknsz5","random","improve",27,"With"
"p37t8jrk","helpful","trust",72,"With"
"p37t8jrk","helpful","improve",57,"With"
"p37t8jrk","random","trust",22,"With"
"p37t8jrk","random","improve",23,"With"
"p37t8jrk","bluebias","trust",62,"With"
"p37t8jrk","bluebias","improve",60,"With"
"p37t8jrk","opposite","trust",26,"With"
"p37t8jrk","opposite","improve",28,"With"
"pwsx26uu","random","trust",23,"With"
"pwsx26uu","random","improve",6,"With"
"pwsx26uu","bluebias","trust",83,"With"
"pwsx26uu","bluebias","improve",86,"With"
"pwsx26uu","helpful","trust",86,"With"
"pwsx26uu","helpful","improve",88,"With"
"pwsx26uu","opposite","trust",6,"With"
"pwsx26uu","opposite","improve",71,"With"
"sh9kmf84","bluebias","trust",50,"With"
"sh9kmf84","bluebias","improve",55,"With"
"sh9kmf84","opposite","trust",24,"With"
"sh9kmf84","opposite","improve",26,"With"
"sh9kmf84","helpful","trust",100,"With"
"sh9kmf84","helpful","improve",100,"With"
"sh9kmf84","random","trust",27,"With"
"sh9kmf84","random","improve",28,"With"
"yfqdozza","helpful","trust",75,"With"
"yfqdozza","helpful","improve",64,"With"
"yfqdozza","opposite","trust",7,"With"
"yfqdozza","opposite","improve",0,"With"
"yfqdozza","random","trust",65,"With"
"yfqdozza","random","improve",53,"With"
"yfqdozza","bluebias","trust",71,"With"
"yfqdozza","bluebias","improve",70,"With"
"yhw67vny","random","trust",50,"With"
"yhw67vny","random","improve",50,"With"
"yhw67vny","bluebias","trust",72,"With"
"yhw67vny","bluebias","improve",73,"With"
"yhw67vny","helpful","trust",97,"With"
"yhw67vny","helpful","improve",100,"With"
"yhw67vny","opposite","trust",0,"With"
"yhw67vny","opposite","improve",0,"With"
"zbusl0q2","helpful","trust",95,"With"
"zbusl0q2","helpful","improve",100,"With"
"zbusl0q2","bluebias","trust",73,"With"
"zbusl0q2","bluebias","improve",75,"With"
"zbusl0q2","random","trust",24,"With"
"zbusl0q2","random","improve",37,"With"
"zbusl0q2","opposite","trust",0,"With"
"zbusl0q2","opposite","improve",11,"With"
"4npept6m","opposite","trust",1,"With"
"4npept6m","opposite","improve",76,"With"
"4npept6m","bluebias","trust",96,"With"
"4npept6m","bluebias","improve",91,"With"
"4npept6m","helpful","trust",56,"With"
"4npept6m","helpful","improve",76,"With"
"4npept6m","random","trust",9,"With"
"4npept6m","random","improve",23,"With"
"5quhaxf6","random","trust",0,"With"
"5quhaxf6","random","improve",77,"With"
"5quhaxf6","bluebias","trust",75,"With"
"5quhaxf6","bluebias","improve",100,"With"
"5quhaxf6","helpful","trust",100,"With"
"5quhaxf6","helpful","improve",100,"With"
"5quhaxf6","opposite","trust",0,"With"
"5quhaxf6","opposite","improve",77,"With"
"kn2g5rkf","helpful","trust",97,"With"
"kn2g5rkf","helpful","improve",88,"With"
"kn2g5rkf","random","trust",25,"With"
"kn2g5rkf","random","improve",72,"With"
"kn2g5rkf","opposite","trust",76,"With"
"kn2g5rkf","opposite","improve",79,"With"
"kn2g5rkf","bluebias","trust",28,"With"
"kn2g5rkf","bluebias","improve",70,"With"
"w265f7l0","bluebias","trust",66,"With"
"w265f7l0","bluebias","improve",66,"With"
"w265f7l0","helpful","trust",85,"With"
"w265f7l0","helpful","improve",82,"With"
"w265f7l0","random","trust",0,"With"
"w265f7l0","random","improve",0,"With"
"w265f7l0","opposite","trust",0,"With"
"w265f7l0","opposite","improve",0,"With"
"vsjrkguh","random","trust",13,"With"
"vsjrkguh","random","improve",17,"With"
"vsjrkguh","bluebias","trust",68,"With"
"vsjrkguh","bluebias","improve",68,"With"
"vsjrkguh","helpful","trust",75,"With"
"vsjrkguh","helpful","improve",69,"With"
"vsjrkguh","opposite","trust",0,"With"
"vsjrkguh","opposite","improve",0,"With"
"7dpjpup9","helpful","trust",66,"With"
"7dpjpup9","helpful","improve",74,"With"
"7dpjpup9","opposite","trust",9,"With"
"7dpjpup9","opposite","improve",20,"With"
"7dpjpup9","random","trust",64,"With"
"7dpjpup9","random","improve",66,"With"
"7dpjpup9","bluebias","trust",59,"With"
"7dpjpup9","bluebias","improve",56,"With"
"bcr6uhje","opposite","trust",85,"With"
"bcr6uhje","opposite","improve",73,"With"
"bcr6uhje","bluebias","trust",86,"With"
"bcr6uhje","bluebias","improve",34,"With"
"bcr6uhje","random","trust",77,"With"
"bcr6uhje","random","improve",78,"With"
"bcr6uhje","helpful","trust",77,"With"
"bcr6uhje","helpful","improve",78,"With"
"cl57jv9e","bluebias","trust",76,"With"
"cl57jv9e","bluebias","improve",76,"With"
"cl57jv9e","helpful","trust",75,"With"
"cl57jv9e","helpful","improve",74,"With"
"cl57jv9e","opposite","trust",24,"With"
"cl57jv9e","opposite","improve",50,"With"
"cl57jv9e","random","trust",35,"With"
"cl57jv9e","random","improve",36,"With"
"uxynf790","random","trust",14,"With"
"uxynf790","random","improve",53,"With"
"uxynf790","bluebias","trust",79,"With"
"uxynf790","bluebias","improve",90,"With"
"uxynf790","opposite","trust",10,"With"
"uxynf790","opposite","improve",98,"With"
"uxynf790","helpful","trust",75,"With"
"uxynf790","helpful","improve",91,"With"
"3dauepxj","bluebias","trust",100,"With"
"3dauepxj","bluebias","improve",100,"With"
"3dauepxj","helpful","trust",84,"With"
"3dauepxj","helpful","improve",90,"With"
"3dauepxj","opposite","trust",0,"With"
"3dauepxj","opposite","improve",0,"With"
"3dauepxj","random","trust",3,"With"
"3dauepxj","random","improve",9,"With"
"gafhb394","helpful","trust",100,"With"
"gafhb394","helpful","improve",100,"With"
"gafhb394","bluebias","trust",32,"With"
"gafhb394","bluebias","improve",62,"With"
"gafhb394","random","trust",0,"With"
"gafhb394","random","improve",0,"With"
"gafhb394","opposite","trust",0,"With"
"gafhb394","opposite","improve",0,"With"
"jyhmjbk4","opposite","trust",8,"With"
"jyhmjbk4","opposite","improve",6,"With"
"jyhmjbk4","random","trust",0,"With"
"jyhmjbk4","random","improve",0,"With"
"jyhmjbk4","bluebias","trust",64,"With"
"jyhmjbk4","bluebias","improve",56,"With"
"jyhmjbk4","helpful","trust",68,"With"
"jyhmjbk4","helpful","improve",67,"With"
"ksk55upb","opposite","trust",0,"With"
"ksk55upb","opposite","improve",0,"With"
"ksk55upb","helpful","trust",75,"With"
"ksk55upb","helpful","improve",75,"With"
"ksk55upb","bluebias","trust",76,"With"
"ksk55upb","bluebias","improve",75,"With"
"ksk55upb","random","trust",0,"With"
"ksk55upb","random","improve",0,"With"
"oc1b521j","helpful","trust",75,"With"
"oc1b521j","helpful","improve",51,"With"
"oc1b521j","bluebias","trust",77,"With"
"oc1b521j","bluebias","improve",48,"With"
"oc1b521j","opposite","trust",75,"With"
"oc1b521j","opposite","improve",49,"With"
"oc1b521j","random","trust",76,"With"
"oc1b521j","random","improve",50,"With"
"tjdwytgr","helpful","trust",98,"With"
"tjdwytgr","helpful","improve",96,"With"
"tjdwytgr","opposite","trust",2,"With"
"tjdwytgr","opposite","improve",5,"With"
"tjdwytgr","bluebias","trust",23,"With"
"tjdwytgr","bluebias","improve",26,"With"
"tjdwytgr","random","trust",37,"With"
"tjdwytgr","random","improve",37,"With"
"uunanwps","bluebias","trust",50,"With"
"uunanwps","bluebias","improve",62,"With"
"uunanwps","random","trust",8,"With"
"uunanwps","random","improve",6,"With"
"uunanwps","opposite","trust",13,"With"
"uunanwps","opposite","improve",94,"With"
"uunanwps","helpful","trust",91,"With"
"uunanwps","helpful","improve",84,"With"
"xd8yunpf","bluebias","trust",74,"With"
"xd8yunpf","bluebias","improve",51,"With"
"xd8yunpf","random","trust",56,"With"
"xd8yunpf","random","improve",47,"With"
"xd8yunpf","opposite","trust",58,"With"
"xd8yunpf","opposite","improve",46,"With"
"xd8yunpf","helpful","trust",64,"With"
"xd8yunpf","helpful","improve",55,"With"
"x9xdhwht","helpful","trust",76,"With"
"x9xdhwht","helpful","improve",69,"With"
"x9xdhwht","opposite","trust",4,"With"
"x9xdhwht","opposite","improve",30,"With"
"x9xdhwht","bluebias","trust",50,"With"
"x9xdhwht","bluebias","improve",50,"With"
"x9xdhwht","random","trust",2,"With"
"x9xdhwht","random","improve",3,"With"
"srrkob22","opposite","trust",0,"With"
"srrkob22","opposite","improve",77,"With"
"srrkob22","random","trust",24,"With"
"srrkob22","random","improve",27,"With"
"srrkob22","helpful","trust",96,"With"
"srrkob22","helpful","improve",76,"With"
"srrkob22","bluebias","trust",100,"With"
"srrkob22","bluebias","improve",87,"With"
"j29eevlm","random","trust",69,"With"
"j29eevlm","random","improve",77,"With"
"j29eevlm","helpful","trust",94,"With"
"j29eevlm","helpful","improve",90,"With"
"j29eevlm","bluebias","trust",35,"With"
"j29eevlm","bluebias","improve",16,"With"
"j29eevlm","opposite","trust",72,"With"
"j29eevlm","opposite","improve",97,"With"
"9ojumkqm","helpful","trust",86,"With"
"9ojumkqm","helpful","improve",88,"With"
"9ojumkqm","opposite","trust",26,"With"
"9ojumkqm","opposite","improve",43,"With"
"9ojumkqm","random","trust",2,"With"
"9ojumkqm","random","improve",12,"With"
"9ojumkqm","bluebias","trust",6,"With"
"9ojumkqm","bluebias","improve",20,"With"
"a050vw1d","bluebias","trust",100,"With"
"a050vw1d","bluebias","improve",100,"With"
"a050vw1d","helpful","trust",100,"With"
"a050vw1d","helpful","improve",100,"With"
"a050vw1d","opposite","trust",0,"With"
"a050vw1d","opposite","improve",100,"With"
"a050vw1d","random","trust",25,"With"
"a050vw1d","random","improve",0,"With"
"jtav0xzz","random","trust",1,"With"
"jtav0xzz","random","improve",2,"With"
"jtav0xzz","bluebias","trust",100,"With"
"jtav0xzz","bluebias","improve",100,"With"
"jtav0xzz","helpful","trust",100,"With"
"jtav0xzz","helpful","improve",100,"With"
"jtav0xzz","opposite","trust",1,"With"
"jtav0xzz","opposite","improve",1,"With"
"wcokcebn","bluebias","trust",72,"With"
"wcokcebn","bluebias","improve",62,"With"
"wcokcebn","random","trust",0,"With"
"wcokcebn","random","improve",0,"With"
"wcokcebn","helpful","trust",93,"With"
"wcokcebn","helpful","improve",95,"With"
"wcokcebn","opposite","trust",10,"With"
"wcokcebn","opposite","improve",57,"With"
"xfoklckh","helpful","trust",74,"With"
"xfoklckh","helpful","improve",78,"With"
"xfoklckh","random","trust",36,"With"
"xfoklckh","random","improve",36,"With"
"xfoklckh","opposite","trust",23,"With"
"xfoklckh","opposite","improve",42,"With"
"xfoklckh","bluebias","trust",71,"With"
"xfoklckh","bluebias","improve",69,"With"
"c2zkc0ed","opposite","trust",4,"With"
"c2zkc0ed","opposite","improve",39,"With"
"c2zkc0ed","helpful","trust",84,"With"
"c2zkc0ed","helpful","improve",91,"With"
"c2zkc0ed","random","trust",40,"With"
"c2zkc0ed","random","improve",10,"With"
"c2zkc0ed","bluebias","trust",14,"With"
"c2zkc0ed","bluebias","improve",8,"With"
"glymautl","helpful","trust",77,"With"
"glymautl","helpful","improve",76,"With"
"glymautl","random","trust",24,"With"
"glymautl","random","improve",32,"With"
"glymautl","opposite","trust",0,"With"
"glymautl","opposite","improve",21,"With"
"glymautl","bluebias","trust",55,"With"
"glymautl","bluebias","improve",55,"With"
"lnp5xxd8","bluebias","trust",75,"With"
"lnp5xxd8","bluebias","improve",75,"With"
"lnp5xxd8","opposite","trust",0,"With"
"lnp5xxd8","opposite","improve",0,"With"
"lnp5xxd8","random","trust",22,"With"
"lnp5xxd8","random","improve",0,"With"
"lnp5xxd8","helpful","trust",75,"With"
"lnp5xxd8","helpful","improve",76,"With"
"oknbul70","opposite","trust",0,"With"
"oknbul70","opposite","improve",75,"With"
"oknbul70","random","trust",25,"With"
"oknbul70","random","improve",0,"With"
"oknbul70","bluebias","trust",75,"With"
"oknbul70","bluebias","improve",76,"With"
"oknbul70","helpful","trust",74,"With"
"oknbul70","helpful","improve",75,"With"
"u2r4gpnu","helpful","trust",100,"With"
"u2r4gpnu","helpful","improve",74,"With"
"u2r4gpnu","random","trust",49,"With"
"u2r4gpnu","random","improve",73,"With"
"u2r4gpnu","opposite","trust",68,"With"
"u2r4gpnu","opposite","improve",84,"With"
"u2r4gpnu","bluebias","trust",84,"With"
"u2r4gpnu","bluebias","improve",85,"With"
"y5lxbx18","random","trust",12,"With"
"y5lxbx18","random","improve",70,"With"
"y5lxbx18","helpful","trust",83,"With"
"y5lxbx18","helpful","improve",91,"With"
"y5lxbx18","bluebias","trust",73,"With"
"y5lxbx18","bluebias","improve",76,"With"
"y5lxbx18","opposite","trust",1,"With"
"y5lxbx18","opposite","improve",86,"With"
"5fyaccub","helpful","trust",93,"With"
"5fyaccub","helpful","improve",94,"With"
"5fyaccub","random","trust",4,"With"
"5fyaccub","random","improve",7,"With"
"5fyaccub","opposite","trust",0,"With"
"5fyaccub","opposite","improve",75,"With"
"5fyaccub","bluebias","trust",85,"With"
"5fyaccub","bluebias","improve",88,"With"
"szpxfdgu","random","trust",62,"With"
"szpxfdgu","random","improve",57,"With"
"szpxfdgu","opposite","trust",0,"With"
"szpxfdgu","opposite","improve",0,"With"
"szpxfdgu","bluebias","trust",84,"With"
"szpxfdgu","bluebias","improve",80,"With"
"szpxfdgu","helpful","trust",93,"With"
"szpxfdgu","helpful","improve",93,"With"
"tkglrkau","helpful","trust",87,"With"
"tkglrkau","helpful","improve",80,"With"
"tkglrkau","bluebias","trust",55,"With"
"tkglrkau","bluebias","improve",39,"With"
"tkglrkau","opposite","trust",3,"With"
"tkglrkau","opposite","improve",0,"With"
"tkglrkau","random","trust",0,"With"
"tkglrkau","random","improve",0,"With"
"a21psf9z","opposite","trust",26,"With"
"a21psf9z","opposite","improve",76,"With"
"a21psf9z","bluebias","trust",75,"With"
"a21psf9z","bluebias","improve",76,"With"
"a21psf9z","helpful","trust",74,"With"
"a21psf9z","helpful","improve",77,"With"
"a21psf9z","random","trust",0,"With"
"a21psf9z","random","improve",0,"With"
"wlxuzlm2","opposite","trust",0,"With"
"wlxuzlm2","opposite","improve",0,"With"
"wlxuzlm2","random","trust",0,"With"
"wlxuzlm2","random","improve",0,"With"
"wlxuzlm2","bluebias","trust",74,"With"
"wlxuzlm2","bluebias","improve",74,"With"
"wlxuzlm2","helpful","trust",75,"With"
"wlxuzlm2","helpful","improve",75,"With"
"919esjvr","random","trust",0,"With"
"919esjvr","random","improve",0,"With"
"919esjvr","opposite","trust",24,"With"
"919esjvr","opposite","improve",49,"With"
"919esjvr","helpful","trust",98,"With"
"919esjvr","helpful","improve",76,"With"
"919esjvr","bluebias","trust",21,"With"
"919esjvr","bluebias","improve",34,"With"
"brez1vpk","helpful","trust",100,"With"
"brez1vpk","helpful","improve",50,"With"
"brez1vpk","bluebias","trust",24,"With"
"brez1vpk","bluebias","improve",50,"With"
"brez1vpk","random","trust",1,"With"
"brez1vpk","random","improve",50,"With"
"brez1vpk","opposite","trust",0,"With"
"brez1vpk","opposite","improve",50,"With"
"maukyr3k","helpful","trust",89,"With"
"maukyr3k","helpful","improve",89,"With"
"maukyr3k","opposite","trust",0,"With"
"maukyr3k","opposite","improve",0,"With"
"maukyr3k","random","trust",0,"With"
"maukyr3k","random","improve",0,"With"
"maukyr3k","bluebias","trust",21,"With"
"maukyr3k","bluebias","improve",25,"With"
"8b0yum1e","bluebias","trust",86,"With"
"8b0yum1e","bluebias","improve",84,"With"
"8b0yum1e","helpful","trust",94,"With"
"8b0yum1e","helpful","improve",92,"With"
"8b0yum1e","opposite","trust",0,"With"
"8b0yum1e","opposite","improve",5,"With"
"8b0yum1e","random","trust",0,"With"
"8b0yum1e","random","improve",0,"With"
"pvgqu7ye","random","trust",14,"With"
"pvgqu7ye","random","improve",20,"With"
"pvgqu7ye","opposite","trust",89,"With"
"pvgqu7ye","opposite","improve",78,"With"
"pvgqu7ye","helpful","trust",97,"With"
"pvgqu7ye","helpful","improve",97,"With"
"pvgqu7ye","bluebias","trust",66,"With"
"pvgqu7ye","bluebias","improve",87,"With"
"098ba6vj","random","trust",2,"With"
"098ba6vj","random","improve",4,"With"
"098ba6vj","helpful","trust",99,"With"
"098ba6vj","helpful","improve",99,"With"
"098ba6vj","opposite","trust",0,"With"
"098ba6vj","opposite","improve",0,"With"
"098ba6vj","bluebias","trust",48,"With"
"098ba6vj","bluebias","improve",49,"With"
"got4je7v","random","trust",0,"With"
"got4je7v","random","improve",0,"With"
"got4je7v","bluebias","trust",13,"With"
"got4je7v","bluebias","improve",14,"With"
"got4je7v","opposite","trust",0,"With"
"got4je7v","opposite","improve",63,"With"
"got4je7v","helpful","trust",100,"With"
"got4je7v","helpful","improve",100,"With"
"3s0pfbm9","opposite","trust",0,"With"
"3s0pfbm9","opposite","improve",0,"With"
"3s0pfbm9","bluebias","trust",24,"With"
"3s0pfbm9","bluebias","improve",25,"With"
"3s0pfbm9","helpful","trust",75,"With"
"3s0pfbm9","helpful","improve",75,"With"
"3s0pfbm9","random","trust",0,"With"
"3s0pfbm9","random","improve",0,"With"
"mw36vvtl","helpful","trust",74,"With"
"mw36vvtl","helpful","improve",60,"With"
"mw36vvtl","opposite","trust",0,"With"
"mw36vvtl","opposite","improve",0,"With"
"mw36vvtl","bluebias","trust",76,"With"
"mw36vvtl","bluebias","improve",76,"With"
"mw36vvtl","random","trust",43,"With"
"mw36vvtl","random","improve",25,"With"
"0v582u1x","helpful","trust",75,"With"
"0v582u1x","helpful","improve",76,"With"
"0v582u1x","random","trust",2,"With"
"0v582u1x","random","improve",3,"With"
"0v582u1x","opposite","trust",49,"With"
"0v582u1x","opposite","improve",50,"With"
"0v582u1x","bluebias","trust",25,"With"
"0v582u1x","bluebias","improve",72,"With"
"dw6uyb4g","bluebias","trust",87,"With"
"dw6uyb4g","bluebias","improve",73,"With"
"dw6uyb4g","opposite","trust",10,"With"
"dw6uyb4g","opposite","improve",0,"With"
"dw6uyb4g","random","trust",40,"With"
"dw6uyb4g","random","improve",39,"With"
"dw6uyb4g","helpful","trust",70,"With"
"dw6uyb4g","helpful","improve",74,"With"
"q6pf39wj","helpful","trust",65,"With"
"q6pf39wj","helpful","improve",75,"With"
"q6pf39wj","opposite","trust",0,"With"
"q6pf39wj","opposite","improve",76,"With"
"q6pf39wj","random","trust",23,"With"
"q6pf39wj","random","improve",1,"With"
"q6pf39wj","bluebias","trust",49,"With"
"q6pf39wj","bluebias","improve",57,"With"
"tk4swd3w","bluebias","trust",58,"With"
"tk4swd3w","bluebias","improve",76,"With"
"tk4swd3w","helpful","trust",83,"With"
"tk4swd3w","helpful","improve",75,"With"
"tk4swd3w","opposite","trust",0,"With"
"tk4swd3w","opposite","improve",25,"With"
"tk4swd3w","random","trust",26,"With"
"tk4swd3w","random","improve",26,"With"
"c9qq6upe","random","trust",26,"With"
"c9qq6upe","random","improve",50,"With"
"c9qq6upe","opposite","trust",0,"With"
"c9qq6upe","opposite","improve",23,"With"
"c9qq6upe","bluebias","trust",75,"With"
"c9qq6upe","bluebias","improve",50,"With"
"c9qq6upe","helpful","trust",75,"With"
"c9qq6upe","helpful","improve",74,"With"
"hhpuds91","random","trust",76,"With"
"hhpuds91","random","improve",80,"With"
"hhpuds91","bluebias","trust",92,"With"
"hhpuds91","bluebias","improve",100,"With"
"hhpuds91","helpful","trust",100,"With"
"hhpuds91","helpful","improve",100,"With"
"hhpuds91","opposite","trust",0,"With"
"hhpuds91","opposite","improve",74,"With"
"yqwul9on","helpful","trust",74,"With"
"yqwul9on","helpful","improve",75,"With"
"yqwul9on","random","trust",0,"With"
"yqwul9on","random","improve",0,"With"
"yqwul9on","opposite","trust",0,"With"
"yqwul9on","opposite","improve",0,"With"
"yqwul9on","bluebias","trust",21,"With"
"yqwul9on","bluebias","improve",23,"With"
"j02vx30w","helpful","trust",66,"With"
"j02vx30w","helpful","improve",77,"With"
"j02vx30w","random","trust",0,"With"
"j02vx30w","random","improve",9,"With"
"j02vx30w","bluebias","trust",74,"With"
"j02vx30w","bluebias","improve",67,"With"
"j02vx30w","opposite","trust",0,"With"
"j02vx30w","opposite","improve",26,"With"
"7xqg519y","random","trust",26,"With"
"7xqg519y","random","improve",31,"With"
"7xqg519y","bluebias","trust",68,"With"
"7xqg519y","bluebias","improve",74,"With"
"7xqg519y","helpful","trust",84,"With"
"7xqg519y","helpful","improve",90,"With"
"7xqg519y","opposite","trust",20,"With"
"7xqg519y","opposite","improve",73,"With"
"l2z8yuuq","bluebias","trust",66,"With"
"l2z8yuuq","bluebias","improve",77,"With"
"l2z8yuuq","random","trust",65,"With"
"l2z8yuuq","random","improve",70,"With"
"l2z8yuuq","opposite","trust",85,"With"
"l2z8yuuq","opposite","improve",83,"With"
"l2z8yuuq","helpful","trust",87,"With"
"l2z8yuuq","helpful","improve",86,"With"
"m0yvjvr0","random","trust",0,"With"
"m0yvjvr0","random","improve",0,"With"
"m0yvjvr0","helpful","trust",100,"With"
"m0yvjvr0","helpful","improve",100,"With"
"m0yvjvr0","opposite","trust",0,"With"
"m0yvjvr0","opposite","improve",37,"With"
"m0yvjvr0","bluebias","trust",20,"With"
"m0yvjvr0","bluebias","improve",23,"With"
"o6p76j5v","helpful","trust",88,"With"
"o6p76j5v","helpful","improve",77,"With"
"o6p76j5v","bluebias","trust",73,"With"
"o6p76j5v","bluebias","improve",74,"With"
"o6p76j5v","random","trust",31,"With"
"o6p76j5v","random","improve",30,"With"
"o6p76j5v","opposite","trust",2,"With"
"o6p76j5v","opposite","improve",2,"With"
"t318lh4y","opposite","trust",25,"With"
"t318lh4y","opposite","improve",49,"With"
"t318lh4y","helpful","trust",49,"With"
"t318lh4y","helpful","improve",60,"With"
"t318lh4y","random","trust",34,"With"
"t318lh4y","random","improve",33,"With"
"t318lh4y","bluebias","trust",60,"With"
"t318lh4y","bluebias","improve",58,"With"
"t781xy3h","opposite","trust",0,"With"
"t781xy3h","opposite","improve",0,"With"
"t781xy3h","random","trust",19,"With"
"t781xy3h","random","improve",46,"With"
"t781xy3h","helpful","trust",76,"With"
"t781xy3h","helpful","improve",74,"With"
"t781xy3h","bluebias","trust",38,"With"
"t781xy3h","bluebias","improve",59,"With"
"1dyrl1uf","helpful","trust",99,"With"
"1dyrl1uf","helpful","improve",99,"With"
"1dyrl1uf","opposite","trust",6,"With"
"1dyrl1uf","opposite","improve",63,"With"
"1dyrl1uf","bluebias","trust",75,"With"
"1dyrl1uf","bluebias","improve",66,"With"
"1dyrl1uf","random","trust",2,"With"
"1dyrl1uf","random","improve",4,"With"
"1gw8p2et","opposite","trust",0,"With"
"1gw8p2et","opposite","improve",24,"With"
"1gw8p2et","helpful","trust",75,"With"
"1gw8p2et","helpful","improve",100,"With"
"1gw8p2et","random","trust",0,"With"
"1gw8p2et","random","improve",0,"With"
"1gw8p2et","bluebias","trust",46,"With"
"1gw8p2et","bluebias","improve",72,"With"
"jo09x0ym","opposite","trust",27,"With"
"jo09x0ym","opposite","improve",65,"With"
"jo09x0ym","random","trust",0,"With"
"jo09x0ym","random","improve",0,"With"
"jo09x0ym","helpful","trust",75,"With"
"jo09x0ym","helpful","improve",79,"With"
"jo09x0ym","bluebias","trust",76,"With"
"jo09x0ym","bluebias","improve",77,"With"
"qvrlcavd","bluebias","trust",74,"With"
"qvrlcavd","bluebias","improve",75,"With"
"qvrlcavd","opposite","trust",75,"With"
"qvrlcavd","opposite","improve",74,"With"
"qvrlcavd","random","trust",25,"With"
"qvrlcavd","random","improve",0,"With"
"qvrlcavd","helpful","trust",78,"With"
"qvrlcavd","helpful","improve",98,"With"
"orpucjxk","random","trust",24,"With"
"orpucjxk","random","improve",9,"With"
"orpucjxk","opposite","trust",76,"With"
"orpucjxk","opposite","improve",98,"With"
"orpucjxk","helpful","trust",74,"With"
"orpucjxk","helpful","improve",75,"With"
"orpucjxk","bluebias","trust",75,"With"
"orpucjxk","bluebias","improve",75,"With"
"573lgokw","opposite","trust",9,"With"
"573lgokw","opposite","improve",18,"With"
"573lgokw","bluebias","trust",87,"With"
"573lgokw","bluebias","improve",86,"With"
"573lgokw","random","trust",14,"With"
"573lgokw","random","improve",33,"With"
"573lgokw","helpful","trust",85,"With"
"573lgokw","helpful","improve",79,"With"
